tp,q,a,txt,src,domain,set
Simple,Какие цели определяет Трудовой кодекс Российской Федерации для трудового законодательства?,"Установление государственных гарантий трудовых прав и свобод граждан, создание благоприятных условий труда, защита прав и интересов работников и работодателей.","Статья 1. Цели и задачи трудового законодательства: ""Целями трудового законодательства являются установление государственных гарантий трудовых прав и свобод граждан, создание благоприятных условий труда, защита прав и интересов работников и работодателей.""",labour.pdf,law,labour
With errors,Каковы цли трудвого законодатльства РФ?,"Установление государственных гарантий трудовых прав и свобод граждан, создание благоприятных условий труда, защита прав и интересов работников и работодателей.","Статья 1. Цели и задачи трудового законодательства: ""Целями трудового законодательства являются установление государственных гарантий трудовых прав...""",labour.pdf,law,labour
Trash,"Какие вообще цели, задачи, направления, аспекты или что-то еще определяет Трудовой кодекс Российской Федерации для регулирования трудовых отношений в стране?","Установление государственных гарантий трудовых прав и свобод граждан, создание благоприятных условий труда, защита прав и интересов работников и работодателей.","Статья 1. Цели и задачи трудового законодательства: ""Целями трудового законодательства являются установление государственных гарантий трудовых прав...""",labour.pdf,law,labour
Reformulation,Устанавливает ли Трудовой кодекс РФ государственные гарантии трудовых прав?,Да,"Статья 1. Цели и задачи трудового законодательства: ""Целями трудового законодательства являются установление государственных гарантий трудовых прав...""",labour.pdf,law,labour
Incorrect by design,Определяет ли Трудовой кодекс РФ гарантии только для работодателей?,Нет,"Статья 1. Цели и задачи трудового законодательства: ""Целями трудового законодательства являются установление государственных гарантий трудовых прав...""",labour.pdf,law,labour
Table,,,,labour.pdf,law,labour
No info,Какие штрафы предусмотрены за нарушение условий коллективного договора?,В предоставленном тексте информация о штрафах за нарушение условий коллективного договора отсутствует.,Информация отсутствует в данном тексте.,labour.pdf,law,labour
,,,,labour.pdf,law,labour
Simple,Какие основные принципы правового регулирования трудовых отношений указаны в Трудовом кодексе РФ?,"Свобода труда, запрет дискриминации, защита от безработицы, право на справедливые условия труда, равенство прав и возможностей работников.","Статья 2. Основные принципы правового регулирования трудовых отношений: ""Свобода труда, включая право на труд... запрет дискриминации в сфере труда...""",labour.pdf,law,labour
With errors,Каковы оснвные принцпы праввого регулирования трудвых отношений?,"Свобода труда, запрет дискриминации, защита от безработицы, право на справедливые условия труда, равенство прав и возможностей работников.","Статья 2. Основные принципы правового регулирования трудовых отношений: ""Свобода труда, включая право на труд... запрет дискриминации в сфере труда...""",labour.pdf,law,labour
Trash,"Какие вообще основные принципы, аспекты и направления указаны в Трудовом кодексе РФ для регулирования трудовых отношений?","Свобода труда, запрет дискриминации, защита от безработицы, право на справедливые условия труда, равенство прав и возможностей работников.","Статья 2. Основные принципы правового регулирования трудовых отношений: ""Свобода труда, включая право на труд... запрет дискриминации в сфере труда...""",labour.pdf,law,labour
Reformulation,Указан ли в Трудовом кодексе РФ запрет дискриминации в сфере труда?,Да,"Статья 2. Основные принципы правового регулирования трудовых отношений: ""Запрещение принудительного труда и дискриминации в сфере труда...""",labour.pdf,law,labour
Incorrect by design,Указывает ли Трудовой кодекс РФ только права работодателей?,Нет,"Статья 2. Основные принципы правового регулирования трудовых отношений: ""Обеспечение права каждого работника... обеспечение равенства возможностей работников...""",labour.pdf,law,labour
Table,,,,labour.pdf,law,labour
No info,Какие санкции предусмотрены за нарушение правил охраны труда?,В предоставленном тексте информация о санкциях за нарушение правил охраны труда отсутствует.,Информация отсутствует в данном тексте.,labour.pdf,law,labour
,,,,labour.pdf,law,labour
Simple,"Что включает в себя понятие ""принудительный труд"" согласно Трудовому кодексу РФ?","Выполнение работы под угрозой наказания (насильственного воздействия), включая дисциплинарные меры или дискриминацию.","Статья 4. Запрещение принудительного труда: ""Принудительный труд - выполнение работы под угрозой применения какого-либо наказания (насильственного воздействия)...""",labour.pdf,law,labour
With errors,"Что вклюает понтяие ""принудтельный трд"" соглано ТК РФ?","Выполнение работы под угрозой наказания (насильственного воздействия), включая дисциплинарные меры или дискриминацию.","Статья 4. Запрещение принудительного труда: ""Принудительный труд - выполнение работы под угрозой применения какого-либо наказания (насильственного воздействия)...""",labour.pdf,law,labour
Trash,"Что вообще включает в себя понятие ""принудительный труд"", как оно определяется в Трудовом кодексе Российской Федерации?","Выполнение работы под угрозой наказания (насильственного воздействия), включая дисциплинарные меры или дискриминацию.","Статья 4. Запрещение принудительного труда: ""Принудительный труд - выполнение работы под угрозой применения какого-либо наказания (насильственного воздействия)...""",labour.pdf,law,labour
Reformulation,Считается ли выполнение работы под угрозой насилия принудительным трудом?,Да,"Статья 4. Запрещение принудительного труда: ""Принудительный труд - выполнение работы под угрозой применения какого-либо наказания (насильственного воздействия)...""",labour.pdf,law,labour
Incorrect by design,Является ли любой вид добровольной работы принудительным трудом?,Нет,"Статья 4. Запрещение принудительного труда: ""Для целей настоящего Кодекса принудительный труд не включает в себя работу... обусловленную законодательством о воинской обязанности или чрезвычайными обстоятельствами.""",labour.pdf,law,labour
Table,,,,labour.pdf,law,labour
No info,Какие виды компенсаций предусмотрены для работников при увольнении по сокращению штата?,В предоставленном тексте информация о компенсациях при увольнении по сокращению штата отсутствует.,Информация отсутствует в данном тексте.,labour.pdf,law,labour
,,,,labour.pdf,law,labour
Simple,Какие задачи трудового законодательства указаны в Трудовом кодексе РФ?,"Создание правовых условий для согласования интересов сторон трудовых отношений, регулирование трудовых отношений и связанных с ними отношений.","Статья 1. Цели и задачи трудового законодательства: ""Основными задачами трудового законодательства являются создание необходимых правовых условий для достижения оптимального согласования интересов сторон трудовых отношений...""",labour.pdf,law,labour
With errors,Каковы задчи трудвого законодатльства в РФ?,"Создание правовых условий для согласования интересов сторон трудовых отношений, регулирование трудовых отношений и связанных с ними отношений.","Статья 1. Цели и задачи трудового законодательства: ""Основными задачами трудового законодательства являются создание необходимых правовых условий для достижения оптимального согласования интересов сторон трудовых отношений...""",labour.pdf,law,labour
Trash,"Какие вообще задачи, цели, направления или что-то еще указаны в Трудовом кодексе РФ для регулирования трудовых отношений?","Создание правовых условий для согласования интересов сторон трудовых отношений, регулирование трудовых отношений и связанных с ними отношений.","Статья 1. Цели и задачи трудового законодательства: ""Основными задачами трудового законодательства являются создание необходимых правовых условий для достижения оптимального согласования интересов сторон трудовых отношений...""",labour.pdf,law,labour
Reformulation,"Указано ли в Трудовом кодексе РФ, что одной из задач является регулирование трудовых отношений?",Да,"Статья 1. Цели и задачи трудового законодательства: ""Основными задачами трудового законодательства являются... правовое регулирование трудовых отношений и иных непосредственно связанных с ними отношений...""",labour.pdf,law,labour
Incorrect by design,Указывает ли Трудовой кодекс РФ только задачи работодателей?,Нет,"Статья 1. Цели и задачи трудового законодательства: ""Основными задачами трудового законодательства являются создание необходимых правовых условий для достижения оптимального согласования интересов сторон трудовых отношений...""",labour.pdf,law,labour
Table,,,,labour.pdf,law,labour
No info,Какие меры предусмотрены для защиты работников от дискриминации на рабочем месте?,В предоставленном тексте информация о мерах защиты от дискриминации отсутствует.,Информация отсутствует в данном тексте.,labour.pdf,law,labour
,,,,labour.pdf,law,labour
Simple,Что такое социальное партнерство согласно Трудовому кодексу РФ?,"Социальное партнерство — это система взаимодействия работников, работодателей и государства для регулирования трудовых отношений.","Статья 2. Основные принципы правового регулирования: ""Социальное партнерство, включающее право на участие работников, работодателей... в договорном регулировании трудовых отношений.""",labour.pdf,law,labour
With errors,Что тако соцальное партнерсво соглано ТК РФ?,"Социальное партнерство — это система взаимодействия работников, работодателей и государства для регулирования трудовых отношений.","Статья 2. Основные принципы правового регулирования: ""Социальное партнерство, включающее право на участие работников, работодателей... в договорном регулировании трудовых отношений.""",labour.pdf,law,labour
Trash,Что вообще включает в себя понятие социального партнерства согласно Трудовому кодексу Российской Федерации?,"Социальное партнерство — это система взаимодействия работников, работодателей и государства для регулирования трудовых отношений.","Статья 2. Основные принципы правового регулирования: ""Социальное партнерство, включающее право на участие работников, работодателей... в договорном регулировании трудовых отношений.""",labour.pdf,law,labour
Reformulation,"Является ли социальное партнерство системой взаимодействия работников, работодателей и государства?",Да,"Статья 2. Основные принципы правового регулирования: ""Социальное партнерство, включающее право на участие работников, работодателей... в договорном регулировании трудовых отношений.""",labour.pdf,law,labour
Incorrect by design,Является ли социальное партнерство обязательством только работников?,Нет,"Статья 2. Основные принципы правового регулирования: ""Социальное партнерство, включающее право на участие работников, работодателей... в договорном регулировании трудовых отношений.""",labour.pdf,law,labour
Table,,,,labour.pdf,law,labour
No info,Какие виды социальных гарантий предоставляются работникам при увольнении по сокращению штата?,В предоставленном тексте информация о социальных гарантиях при увольнении отсутствует.,Информация отсутствует в данном тексте.,labour.pdf,law,labour
,,,,labour.pdf,law,labour
Simple,Какие права работников на отдых гарантирует Трудовой кодекс РФ?,"Трудовой кодекс РФ гарантирует право на ежедневный отдых, выходные и праздничные дни, а также оплачиваемый ежегодный отпуск. Эти права обеспечивают возможность восстановления сил и поддержания здоровья работников, что способствует их продуктивности.","Статья 2. Основные принципы правового регулирования трудовых отношений: ""Обеспечение права каждого работника на справедливые условия труда, включая ограничение рабочего времени, предоставление ежедневного отдыха, выходных и нерабочих праздничных дней, оплачиваемого ежегодного отпуска.""",labour.pdf,law,labour
With errors,Каковы прав работнков на отдх в ТК РФ?,"Трудовой кодекс РФ предоставляет право на ежедневный отдых, выходные и праздничные дни, а также оплачиваемый ежегодный отпуск. Эти меры направлены на защиту здоровья работников и создание благоприятных условий труда.","Статья 2. Основные принципы правового регулирования трудовых отношений: ""Обеспечение права каждого работника на справедливые условия труда, включая ограничение рабочего времени, предоставление ежедневного отдыха, выходных и нерабочих праздничных дней, оплачиваемого ежегодного отпуска.""",labour.pdf,law,labour
Trash,"Какие вообще права на отдых, включая ежедневный отдых, выходные дни, праздничные дни и оплачиваемый отпуск, гарантирует Трудовой кодекс Российской Федерации?","Трудовой кодекс РФ гарантирует право на ежедневный отдых, выходные и праздничные дни, а также оплачиваемый ежегодный отпуск. Эти права способствуют восстановлению сил работников после трудового дня или года работы.","Статья 2. Основные принципы правового регулирования трудовых отношений: ""Обеспечение права каждого работника на справедливые условия труда, включая ограничение рабочего времени, предоставление ежедневного отдыха, выходных и нерабочих праздничных дней, оплачиваемого ежегодного отпуска.""",labour.pdf,law,labour
Reformulation,Гарантирует ли Трудовой кодекс РФ право работников на оплачиваемый ежегодный отпуск?,Да,"Статья 2. Основные принципы правового регулирования трудовых отношений: ""Обеспечение права каждого работника на справедливые условия труда... включая оплачиваемый ежегодный отпуск.""",labour.pdf,law,labour
Incorrect by design,Предоставляет ли Трудовой кодекс РФ право только работодателям на отдых?,Нет,"Статья 2. Основные принципы правового регулирования трудовых отношений: ""Обеспечение права каждого работника на справедливые условия труда... включая ограничение рабочего времени... предоставление ежедневного отдыха...""",labour.pdf,law,labour
Table,,,,labour.pdf,law,labour
No info,Какие правила предусмотрены для расчета компенсаций за сверхурочную работу?,В предоставленном тексте информация о правилах расчета компенсаций за сверхурочную работу отсутствует.,Информация отсутствует в данном тексте.,labour.pdf,law,labour
,,,,labour.pdf,law,labour
Simple,Что подразумевается под дискриминацией в сфере труда согласно Трудовому кодексу РФ?,"Дискриминация в сфере труда — это ограничение или предоставление преимуществ в трудовых правах по признакам пола, расы, возраста и другим обстоятельствам, не связанным с деловыми качествами работника. Такие действия нарушают равенство возможностей для всех работников.","Статья 3. Запрещение дискриминации в сфере труда: ""Никто не может быть ограничен в трудовых правах и свободах или получать какие-либо преимущества... по признакам пола, расы... или другим обстоятельствам, не связанным с деловыми качествами работника.""",labour.pdf,law,labour
With errors,Что подразумеваеся под дискримнацией в сфере труа соглано ТК РФ?,"Дискриминация — это ограничение или предоставление преимуществ в трудовых правах по признакам пола, расы или другим обстоятельствам. Она препятствует равенству возможностей работников независимо от их личных характеристик.","Статья 3. Запрещение дискриминации в сфере труда: ""Никто не может быть ограничен в трудовых правах и свободах или получать какие-либо преимущества... по признакам пола, расы... или другим обстоятельствам, не связанным с деловыми качествами работника.""",labour.pdf,law,labour
Trash,Что вообще подразумевается под дискриминацией в сфере труда согласно положениям Трудового кодекса Российской Федерации?,"Дискриминация — это любые ограничения или преимущества в трудовых правах по признакам пола, расы или другим обстоятельствам. Она нарушает равенство возможностей работников и противоречит принципам правового регулирования трудовых отношений.","Статья 3. Запрещение дискриминации в сфере труда: ""Никто не может быть ограничен в трудовых правах и свободах или получать какие-либо преимущества... по признакам пола, расы... или другим обстоятельствам, не связанным с деловыми качествами работника.""",labour.pdf,law,labour
Reformulation,Запрещает ли Трудовой кодекс РФ дискриминацию по признакам пола в сфере труда?,Да,"Статья 3. Запрещение дискриминации в сфере труда: ""Никто не может быть ограничен в трудовых правах и свободах... по признакам пола...""",labour.pdf,law,labour
Incorrect by design,Считает ли Трудовой кодекс РФ дискриминацию допустимой практикой для работодателей?,Нет,"Статья 3. Запрещение дискриминации в сфере труда: ""Никто не может быть ограничен в трудовых правах и свободах...""",labour.pdf,law,labour
Table,,,,labour.pdf,law,labour
No info,Какие меры предусмотрены для защиты работников от произвольного увольнения?,В предоставленном тексте информация о защите от произвольного увольнения отсутствует.,Информация отсутствует в данном тексте.,labour.pdf,law,labour
,,,,labour.pdf,law,labour
Multi-Block,"Как соотносятся цели и задачи трудового законодательства (ст. 1) с основными принципами регулирования трудовых отношений (ст. 2), и каким образом принцип запрета дискриминации (ст. 3) способствует достижению этих целей?","Цели трудового законодательства, такие как установление гарантий трудовых прав и создание благоприятных условий труда, тесно связаны с основными принципами, включая свободу труда и равенство прав. Запрет дискриминации, закрепленный в статье 3, обеспечивает равные возможности для всех работников, что способствует достижению целей трудового законодательства, устраняя препятствия для реализации трудовых прав и свобод. Вместе, эти элементы формируют основу для справедливых и эффективных трудовых отношений, где каждый имеет возможность реализовать свой потенциал.","Статья 1. Цели и задачи трудового законодательства: ""Целями трудового законодательства являются установление государственных гарантий трудовых прав и свобод граждан...""; Статья 2. Основные принципы правового регулирования трудовых отношений и иных непосредственно связанных с ними отношений: ""Исходя из общепризнанных принципов и норм международного права и в соответствии с Конституцией Российской Федерации основными принципами правового регулирования трудовых отношений и иных непосредственно связанных с ними отношений признаются: свобода труда...""; Статья 3. Запрещение дискриминации в сфере труда: ""Никто не может быть ограничен в трудовых правах и свободах или получать какие-либо преимущества в зависимости от пола, расы...""",labour.pdf,law,labour
Multi-Block,Какие формы работы не считаются принудительным трудом (ст. 4) и как эти исключения согласуются с задачами трудового законодательства по защите интересов государства (ст. 1) и обеспечению национальной безопасности (ст. 3)?,"В соответствии со статьей 4, к принудительному труду не относится работа, обусловленная воинской обязанностью, чрезвычайными обстоятельствами или приговором суда. Данные исключения согласуются с задачами трудового законодательства по защите интересов государства, поскольку направлены на обеспечение национальной безопасности и поддержание нормального функционирования общества в кризисных ситуациях. Запрет дискриминации и принудительного труда, а также указанные исключения, способствуют созданию сбалансированной системы, где соблюдаются права работников и обеспечиваются интересы государства.","Статья 4. Запрещение принудительного труда: ""Для целей настоящего Кодекса принудительный труд не включает в себя: работу, выполнение которой обусловлено законодательством о воинской обязанности...""; Статья 1. Цели и задачи трудового законодательства: ""Основными задачами трудового законодательства являются создание необходимых правовых условий для достижения оптимального согласования интересов сторон трудовых отношений, интересов государства...""; Статья 3. Запрещение дискриминации в сфере труда: ""...в целях обеспечения национальной безопасности...""",labour.pdf,law,labour
Multi-Block,"Как основные принципы трудового законодательства (ст. 2) влияют на определение правомерности ограничений в трудовых правах (ст. 3), и каким образом это соотносится с запретом принудительного труда (ст. 4)?","Основные принципы трудового законодательства, такие как равенство прав и запрет дискриминации, определяют критерии правомерности ограничений в трудовых правах. Статья 3 указывает, что ограничения, обусловленные требованиями, свойственными данному виду труда или заботой государства о лицах, нуждающихся в защите, не являются дискриминацией. Однако любые ограничения должны соответствовать принципу запрета принудительного труда (ст. 4), то есть не должны вынуждать работника к выполнению работы под угрозой наказания, если он имеет право отказаться от ее выполнения. Соблюдение этих принципов обеспечивает соблюдение баланса между интересами работодателя и защитой прав работников.","Статья 2. Основные принципы правового регулирования трудовых отношений и иных непосредственно связанных с ними отношений: ""равенство прав и возможностей работников;""; Статья 3. Запрещение дискриминации в сфере труда: ""Не являются дискриминацией установление различий, исключений, предпочтений, а также ограничение прав работников, которые определяются свойственными данному виду труда требованиями...""; Статья 4. Запрещение принудительного труда: ""Принудительный труд запрещен.""",labour.pdf,law,labour
Multi-Block,"Какие задачи стоят перед трудовым законодательством (ст. 1) в контексте регулирования трудовых отношений и какие источники права (ст. 5) используются для достижения этих задач, учитывая необходимость защиты от дискриминации (ст. 3)?","Трудовое законодательство ставит задачи по созданию правовых условий для согласования интересов сторон трудовых отношений и регулированию этих отношений. Для достижения этих задач используются различные источники права, включая сам Трудовой кодекс, федеральные законы и иные нормативные акты. Защита от дискриминации (ст. 3) является одним из ключевых аспектов регулирования, обеспечивая равенство возможностей для всех работников. Все источники трудового права должны соблюдать принцип запрета дискриминации, чтобы обеспечить справедливое и равноправное отношение к работникам.","Статья 1. Цели и задачи трудового законодательства: ""Основными задачами трудового законодательства являются создание необходимых правовых условий для достижения оптимального согласования интересов сторон трудовых отношений...""; Статья 5. Трудовое законодательство и иные акты, содержащие нормы трудового права: ""Регулирование трудовых отношений... осуществляется: трудовым законодательством...""; Статья 3. Запрещение дискриминации в сфере труда: ""Никто не может быть ограничен в трудовых правах и свободах или получать какие-либо преимущества в зависимости от пола, расы...""",labour.pdf,law,labour
Multi-Block,"Каким образом принципы социального партнерства (ст. 2) и государственного контроля (ст. 1) сочетаются для обеспечения соблюдения трудового законодательства и защиты прав работников, а также как это связано с запретом дискриминации (ст. 3)?","Принципы социального партнерства и государственного контроля дополняют друг друга в обеспечении соблюдения трудового законодательства. Социальное партнерство предполагает участие работников и работодателей в договорном регулировании трудовых отношений, а государственный контроль (ст.1) осуществляет надзор за соблюдением трудовых прав и свобод. Запрет дискриминации (ст. 3) является общим принципом, который должен соблюдаться как в рамках социального партнерства, так и при осуществлении государственного контроля, обеспечивая равные возможности для всех работников.","Статья 2. Основные принципы правового регулирования трудовых отношений и иных непосредственно связанных с ними отношений: ""социальное партнерство, включающее право на участие работников, работодателей, их объединений в договорном регулировании трудовых отношений...""; Статья 1. Цели и задачи трудового законодательства: ""...государственному контролю (надзору)...""; Статья 3. Запрещение дискриминации в сфере труда: ""Никто не может быть ограничен в трудовых правах и свободах или получать какие-либо преимущества в зависимости от пола, расы...""",labour.pdf,law,labour
Logical Thinking,"Каковы будут последствия для экономики и социальной сферы, если государство не будет обеспечивать соблюдение основных принципов трудового законодательства, таких как свобода труда и запрет дискриминации?","Отсутствие гарантий свободы труда и защиты от дискриминации может привести к снижению мотивации работников, ухудшению качества трудовых ресурсов и сокращению производительности. Это, в свою очередь, может замедлить экономический рост и снизить конкурентоспособность страны. В социальной сфере это приведет к увеличению неравенства, росту социальной напряженности и ухудшению качества жизни населения. Повысится уровень трудовой миграции, поскольку работники будут искать лучшие условия труда за границей. В конечном итоге, это может привести к нестабильности в обществе и снижению уровня доверия к государству.","Статья 2. Основные принципы правового регулирования трудовых отношений и иных непосредственно связанных с ними отношений: ""свобода труда, включая право на труд, который каждый свободно выбирает или на который свободно соглашается, право распоряжаться своими способностями к труду, выбирать профессию и род деятельности; запрещение принудительного труда и дискриминации в сфере труда...""",labour.pdf,law,labour
Logical Thinking,"Какие долгосрочные последствия может иметь для работодателя систематическое нарушение трудовых прав работников, включая задержку заработной платы и создание небезопасных условий труда, даже если это не приводит к немедленным юридическим санкциям?","Систематическое нарушение трудовых прав может привести к потере репутации работодателя, снижению лояльности сотрудников и увеличению текучести кадров. Это может затруднить привлечение и удержание квалифицированных специалистов, что негативно скажется на производительности и качестве продукции или услуг. В долгосрочной перспективе, компания может столкнуться с ухудшением финансового положения, потерей конкурентных преимуществ и даже банкротством. Кроме того, это может привести к ухудшению морального климата в коллективе, увеличению количества конфликтов и снижению общей удовлетворенности работников.","Статья 4. Запрещение принудительного труда: ""...нарушением установленных сроков выплаты заработной платы или выплатой ее не в полном размере; возникновением непосредственной угрозы для жизни и здоровья работника вследствие нарушения требований охраны труда...""",labour.pdf,law,labour
Logical Thinking,"Если государство установило запрет на дискриминацию в сфере труда, какие дополнительные меры, помимо судебного преследования, могут быть приняты для изменения социальных стереотипов и предрассудков, которые лежат в основе дискриминационных практик?","Для изменения социальных стереотипов и предрассудков необходимо проводить информационные кампании, направленные на повышение осведомленности общества о проблемах дискриминации и продвижение ценностей равенства и уважения к разнообразию. Важно также внедрять образовательные программы, которые помогают формировать толерантное отношение к различным социальным группам. Работодатели могут проводить тренинги для сотрудников, направленные на предотвращение дискриминации на рабочем месте. Государство может поддерживать инициативы, направленные на продвижение равенства возможностей и борьбу с дискриминацией в сфере труда, например, через гранты и субсидии.","Статья 3. Запрещение дискриминации в сфере труда: ""Никто не может быть ограничен в трудовых правах и свободах или получать какие-либо преимущества в зависимости от пола, расы, цвета кожи, национальности, языка, происхождения...""",labour.pdf,law,labour
Logical Thinking,"Каким образом развитие технологий и автоматизации производства может повлиять на понятие ""принудительный труд"" в будущем, если большинство рутинных задач будет выполняться машинами, а работники будут выполнять в основном творческие и управленческие функции?","В будущем, с развитием технологий, понятие ""принудительный труд"" может измениться. Если большинство рутинных задач будет автоматизировано, принудительным трудом может считаться выполнение задач, не соответствующих квалификации или интересам работника, или задач, выполняемых в условиях, ухудшающих физическое и психологическое здоровье. Также принудительным трудом может считаться ситуация, когда работника вынуждают работать сверхурочно без адекватной компенсации или без возможности отказаться от работы. Важно будет разработать новые критерии для определения принудительного труда, учитывающие особенности новой экономики и рынка труда.","Статья 4. Запрещение принудительного труда: ""Принудительный труд запрещен.""",labour.pdf,law,labour
Logical Thinking,"Если одной из задач трудового законодательства является создание условий для согласования интересов сторон трудовых отношений, то какие механизмы могут быть созданы для учета интересов работников и работодателей в условиях быстро меняющейся экономической ситуации и технологического прогресса?","В условиях быстро меняющейся экономической ситуации и технологического прогресса необходимо создавать механизмы для постоянного диалога между работниками и работодателями, такие как советы по трудовым отношениям, комиссии по урегулированию споров и другие формы социального партнерства. Важно также проводить регулярные консультации с представителями работников и работодателей при разработке и принятии новых законов и нормативных актов, регулирующих трудовые отношения. Кроме того, необходимо разрабатывать программы переобучения и повышения квалификации работников, чтобы они могли адаптироваться к новым требованиям рынка труда.","Статья 1. Цели и задачи трудового законодательства: ""Основными задачами трудового законодательства являются создание необходимых правовых условий для достижения оптимального согласования интересов сторон трудовых отношений, интересов государства...""",labour.pdf,law,labour
,,,,labour.pdf,law,labour
Multi-Block,Как цели и задачи трудового законодательства (ст. 1) соотносятся с основными принципами регулирования трудовых отношений (ст. 2) и принципом запрета дискриминации (ст. 3) в контексте обеспечения справедливых условий труда?,"Цели трудового законодательства, такие как установление гарантий трудовых прав и создание благоприятных условий, отражаются в основных принципах, включая свободу труда и равенство прав. Запрет дискриминации (ст. 3) обеспечивает равные возможности для всех, способствуя достижению целей трудового законодательства. Вместе эти элементы формируют основу для справедливых и эффективных трудовых отношений.","Статья 1. Цели и задачи трудового законодательства: ""Целями трудового законодательства являются установление государственных гарантий трудовых прав и свобод граждан...""; Статья 2. Основные принципы правового регулирования трудовых отношений и иных непосредственно связанных с ними отношений: ""Исходя из общепризнанных принципов и норм международного права...основными принципами...признаются: свобода труда...""; Статья 3. Запрещение дискриминации в сфере труда: ""Никто не может быть ограничен в трудовых правах...""",labour.pdf,law,labour
Multi-Block,"Какие виды работ не считаются принудительным трудом (ст. 4), и как эти исключения связаны с задачами трудового законодательства по защите интересов государства (ст. 1) и обеспечению национальной безопасности (ст. 3)?","В соответствии со статьей 4, к принудительному труду не относится работа, обусловленная воинской обязанностью, чрезвычайными обстоятельствами или приговором суда. Данные исключения согласуются с задачами трудового законодательства по защите интересов государства, обеспечивая национальную безопасность и нормальное функционирование общества в кризисных ситуациях.","Статья 4. Запрещение принудительного труда: ""Для целей настоящего Кодекса принудительный труд не включает в себя: работу, выполнение которой обусловлено законодательством о воинской обязанности...""; Статья 1. Цели и задачи трудового законодательства: ""Основными задачами трудового законодательства являются создание необходимых правовых условий для достижения оптимального согласования интересов... интересов государства...""; Статья 3. Запрещение дискриминации в сфере труда: ""...в целях обеспечения национальной безопасности...""",labour.pdf,law,labour
Multi-Block,Как основные принципы трудового законодательства (ст. 2) влияют на определение правомерности ограничений в трудовых правах (ст. 3) и каким образом это соотносится с запретом принудительного труда (ст. 4)?,"Равенство прав и запрет дискриминации (ст. 2) определяют критерии правомерности ограничений в трудовых правах (ст. 3). Статья 3 указывает, что ограничения, обусловленные требованиями, свойственными данному виду труда или заботой государства о лицах, нуждающихся в защите, не являются дискриминацией. Однако любые ограничения должны соответствовать принципу запрета принудительного труда (ст. 4), то есть не должны вынуждать работника к выполнению работы под угрозой наказания.","Статья 2. Основные принципы правового регулирования трудовых отношений и иных непосредственно связанных с ними отношений: ""равенство прав и возможностей работников;""; Статья 3. Запрещение дискриминации в сфере труда: ""Не являются дискриминацией установление различий, исключений, предпочтений...""; Статья 4. Запрещение принудительного труда: ""Принудительный труд запрещен.""",labour.pdf,law,labour
Multi-Block,"Какие задачи стоят перед трудовым законодательством (ст. 1) в контексте регулирования трудовых отношений и какие источники права (ст. 5) используются для достижения этих задач, учитывая необходимость защиты от дискриминации (ст. 3)?","Трудовое законодательство ставит задачи по созданию правовых условий для согласования интересов сторон трудовых отношений. Для достижения этих задач используются различные источники права, включая сам ТК, федеральные законы и иные нормативные акты. Защита от дискриминации (ст. 3) является ключевым аспектом регулирования, обеспечивая равенство возможностей.","Статья 1. Цели и задачи трудового законодательства: ""Основными задачами трудового законодательства являются создание необходимых правовых условий для достижения оптимального согласования интересов...""; Статья 5. Трудовое законодательство и иные акты, содержащие нормы трудового права: ""Регулирование трудовых отношений... осуществляется: трудовым законодательством...""; Статья 3. Запрещение дискриминации в сфере труда: ""Никто не может быть ограничен в трудовых правах...""",labour.pdf,law,labour
Multi-Block,"Каким образом принципы социального партнерства (ст. 2) и государственного контроля (ст. 1) сочетаются для обеспечения соблюдения трудового законодательства и защиты прав работников, а также как это связано с запретом дискриминации (ст. 3)?","Социальное партнерство и государственный контроль дополняют друг друга. Социальное партнерство предполагает участие работников и работодателей в договорном регулировании, а государственный контроль (ст.1) осуществляет надзор за соблюдением прав. Запрет дискриминации (ст. 3) – принцип, который должен соблюдаться как в рамках социального партнерства, так и при осуществлении государственного контроля.","Статья 2. Основные принципы правового регулирования трудовых отношений и иных непосредственно связанных с ними отношений: ""социальное партнерство, включающее право на участие работников, работодателей, их объединений...""; Статья 1. Цели и задачи трудового законодательства: ""...государственному контролю (надзору)...""; Статья 3. Запрещение дискриминации в сфере труда: ""Никто не может быть ограничен в трудовых правах...""",labour.pdf,law,labour
Logical Thinking,"Если целью трудового законодательства является установление государственных гарантий трудовых прав и свобод, то каким образом государство должно реагировать на случаи массовых нарушений трудовых прав работников со стороны крупных работодателей, чтобы обеспечить соблюдение законности и справедливости?","В случаях массовых нарушений трудовых прав работников государство должно незамедлительно проводить тщательные проверки и расследования, привлекать виновных к ответственности в соответствии с законом, включая административные и уголовные санкции. Важно также оказывать поддержку работникам.","Статья 1. Цели и задачи трудового законодательства: ""Целями трудового законодательства являются установление государственных гарантий трудовых прав и свобод граждан, создание благоприятных условий труда, защита прав и интересов работников и работодателей.""",labour.pdf,law,labour
Logical Thinking,"Каким образом принципы трудового законодательства, такие как свобода труда и запрет дискриминации, могут быть эффективно реализованы в условиях цифровой экономики и развития дистанционной работы, где контроль за соблюдением трудовых прав может быть затруднен?","В условиях цифровой экономики необходимо разрабатывать и внедрять новые механизмы контроля за соблюдением трудовых прав работников, занятых дистанционной работой, включая использование цифровых технологий для мониторинга условий труда и соблюдения норм рабочего времени. Важно также обеспечивать равные возможности для работников.","Статья 2. Основные принципы правового регулирования трудовых отношений и иных непосредственно связанных с ними отношений: ""свобода труда, включая право на труд, который каждый свободно выбирает или на который свободно соглашается...запрещение принудительного труда и дискриминации в сфере труда...""",labour.pdf,law,labour
Logical Thinking,"Если принудительный труд запрещен, то какие меры могут быть приняты для обеспечения выполнения работниками своих трудовых обязанностей в условиях нехватки кадров или низкой мотивации к труду, особенно в отраслях с тяжелыми или неблагоприятными условиями труда?","Для обеспечения выполнения работниками своих трудовых обязанностей необходимо создавать привлекательные условия труда, включая достойную оплату труда, безопасные условия труда, возможности для профессионального роста и развития, а также социальную поддержку.","Статья 4. Запрещение принудительного труда: ""Принудительный труд запрещен.""",labour.pdf,law,labour
Logical Thinking,"Каким образом развитие социального партнерства может способствовать решению проблем, связанных с низкой заработной платой и ухудшением условий труда в отраслях, где преобладают малые и средние предприятия, которые часто испытывают финансовые трудности?","Развитие социального партнерства может способствовать решению проблем низкой заработной платы и ухудшения условий труда через механизмы коллективных переговоров и заключения коллективных договоров, которые позволяют работникам и работодателям договариваться об улучшении условий труда и повышении заработной платы.","Статья 2. Основные принципы правового регулирования трудовых отношений и иных непосредственно связанных с ними отношений: ""социальное партнерство, включающее право на участие работников, работодателей, их объединений в договорном регулировании трудовых отношений и иных непосредственно связанных с ними отношений;""",labour.pdf,law,labour
Logical Thinking,"Если дискриминация в сфере труда запрещена, то какие меры могут быть приняты для обеспечения равных возможностей для трудоустройства и карьерного роста для лиц с инвалидностью, которые часто сталкиваются с предрассудками и ограничениями при поиске работы?","Для обеспечения равных возможностей для трудоустройства и карьерного роста лиц с инвалидностью необходимо разрабатывать и внедрять специальные программы и мероприятия, направленные на создание доступной среды на рабочих местах, адаптацию рабочих мест к потребностям таких работников.","Статья 3. Запрещение дискриминации в сфере труда: ""Никто не может быть ограничен в трудовых правах и свободах или получать какие-либо преимущества в зависимости от пола, расы, цвета кожи, национальности, языка, происхождения...""",labour.pdf,law,labour
Logical Thinking,"Каким образом обеспечение права работников на защиту своего достоинства в период трудовой деятельности может способствовать снижению уровня коррупции и злоупотреблений со стороны работодателей, особенно в сферах, где работники зависимы от работодателя в силу своего социального положения или отсутствия альтернативных возможностей трудоустройства?","Обеспечение права работников на защиту своего достоинства создает атмосферу нетерпимости к коррупции и злоупотреблениям со стороны работодателей. Когда работники знают, что их права защищены законом, и они могут обратиться за помощью в случае нарушения этих прав, они менее склонны соглашаться на коррупционные схемы и злоупотребления.","Статья 2. Основные принципы правового регулирования трудовых отношений и иных непосредственно связанных с ними отношений: ""обеспечение права работников на защиту своего достоинства в период трудовой деятельности;""",labour.pdf,law,labour
Logical Thinking,"Если трудовое законодательство регулирует отношения между работниками и работодателями, то какие меры могут быть приняты для защиты прав работников, которые работают на условиях аутсорсинга или заемного труда, и чьи трудовые отношения часто оказываются неурегулированными или ущемленными?","Для защиты прав работников, работающих на условиях аутсорсинга или заемного труда, необходимо установить четкие правила и требования к деятельности организаций, предоставляющих услуги по аутсорсингу или заемному труду. Важно также обеспечить контроль за соблюдением трудовых прав таких работников.","Статья 5. Трудовое законодательство и иные акты, содержащие нормы трудового права: ""Регулирование трудовых отношений и иных непосредственно связанных с ними отношений в соответствии с Конституцией Российской Федерации, федеральными конституционными законами осуществляется: трудовым законодательством...""",labour.pdf,law,labour
Logical Thinking,"Каким образом развитие технологий и автоматизации производства может повлиять на необходимость пересмотра понятия ""рабочее место"" и норм трудового законодательства, регулирующих вопросы охраны труда и безопасности на рабочем месте, особенно в условиях дистанционной работы и использования виртуальных рабочих пространств?","Развитие технологий и автоматизации производства требуют пересмотра понятия ""рабочее место"" и норм трудового законодательства, регулирующих вопросы охраны труда и безопасности на рабочем месте, особенно в условиях дистанционной работы и использования виртуальных рабочих пространств.","Статья 5. Трудовое законодательство и иные акты, содержащие нормы трудового права: ""Регулирование трудовых отношений и иных непосредственно связанных с ними отношений в соответствии с Конституцией Российской Федерации, федеральными конституционными законами осуществляется: трудовым законодательством (включая законодательство об охране труда)...""",labour.pdf,law,labour
Logical Thinking,"Если одной из задач трудового законодательства является создание условий для согласования интересов сторон трудовых отношений, то какие механизмы могут быть использованы для учета интересов работников и работодателей в условиях глобализации и международной конкуренции?","В условиях глобализации и международной конкуренции необходимо создавать механизмы для постоянного диалога между работниками и работодателями, такие как советы по конкурентоспособности, комиссии по инновациям и другие формы социального партнерства.","Статья 1. Цели и задачи трудового законодательства: ""Основными задачами трудового законодательства являются создание необходимых правовых условий для достижения оптимального согласования интересов сторон трудовых отношений, интересов государства...""",labour.pdf,law,labour
Logical Thinking,"Каким образом развитие международного сотрудничества в сфере труда может способствовать разработке и внедрению эффективных мер по борьбе с нелегальной трудовой миграцией и защите прав иностранных работников, работающих на территории России?","Развитие международного сотрудничества позволяет России обмениваться опытом и передовыми практиками с другими странами в области борьбы с нелегальной трудовой миграцией и защиты прав иностранных работников. Важно также участвовать в разработке международных соглашений и конвенций, направленных на регулирование трудовой миграции и защиту прав иностранных работников.","Статья 2. Основные принципы правового регулирования трудовых отношений и иных непосредственно связанных с ними отношений: ""Исходя из общепризнанных принципов и норм международного права и в соответствии с Конституцией Российской Федерации основными принципами правового регулирования трудовых отношений и иных непосредственно связанных с ними отношений признаются:""",labour.pdf,law,labour
