,Unnamed: 0,domain,set,src,txt,tp,q,a
0,0,science,metal,aluminium.pdf,"4.3 Производство первичного алюминия
На алюминиевых заводах в промышленных масштабах применяются три технологии электролиза:
- технология электролиза в электролизерах с предварительно обожженными
анодами (ОА);
- технология электролиза в электролизерах с самообжигающимися анодами и
верхним подводом тока к аноду (ВТ);
- технология электролиза в электролизерах с самообжигающимися анодами и
боковым подводом тока к аноду (БТ).",Simple,Какие технологии электролиза применяются на алюминиевых заводах в промышленных масштабах?,"На алюминиевых заводах в промышленных масштабах применяются три технологии электролиза:

- технология электролиза в электролизерах с предварительно обожженными
анодами (ОА);
- технология электролиза в электролизерах с самообжигающимися анодами и
верхним подводом тока к аноду (ВТ);
- технология электролиза в электролизерах с самообжигающимися анодами и
боковым подводом тока к аноду (БТ)."
1,1,science,metal,aluminium.pdf,"4.3 Производство первичного алюминия
На алюминиевых заводах в промышленных масштабах применяются три технологии электролиза:
- технология электролиза в электролизерах с предварительно обожженными
анодами (ОА);
- технология электролиза в электролизерах с самообжигающимися анодами и
верхним подводом тока к аноду (ВТ);
- технология электролиза в электролизерах с самообжигающимися анодами и
боковым подводом тока к аноду (БТ).",With errors,Пораскажи про способы элмлектролиза для производства аллюминия,"На алюминиевых заводах в промышленных масштабах применяются три технологии электролиза:

- технология электролиза в электролизерах с предварительно обожженными
анодами (ОА);
- технология электролиза в электролизерах с самообжигающимися анодами и
верхним подводом тока к аноду (ВТ);
- технология электролиза в электролизерах с самообжигающимися анодами и
боковым подводом тока к аноду (БТ)."
2,2,science,metal,aluminium.pdf,"4.3 Производство первичного алюминия
На алюминиевых заводах в промышленных масштабах применяются три технологии электролиза:
- технология электролиза в электролизерах с предварительно обожженными
анодами (ОА);
- технология электролиза в электролизерах с самообжигающимися анодами и
верхним подводом тока к аноду (ВТ);
- технология электролиза в электролизерах с самообжигающимися анодами и
боковым подводом тока к аноду (БТ).",Trash,"Привет! Мне нужно узнать кое-что для проекта. Дело в том, что я пишу работу про производство металлов, и мне нужно понять, какие вообще существуют способы получения алюминия на заводах, особенно что-то связанное с электролизом. Если можешь, объясни это простыми словами, без сложных терминов. Ну, или просто перечисли основные технологии, если лень. Спасибо!","На алюминиевых заводах в промышленных масштабах применяются три технологии электролиза:

- технология электролиза в электролизерах с предварительно обожженными
анодами (ОА);
- технология электролиза в электролизерах с самообжигающимися анодами и
верхним подводом тока к аноду (ВТ);
- технология электролиза в электролизерах с самообжигающимися анодами и
боковым подводом тока к аноду (БТ)."
3,3,science,metal,aluminium.pdf,"4.3 Производство первичного алюминия
На алюминиевых заводах в промышленных масштабах применяются три технологии электролиза:
- технология электролиза в электролизерах с предварительно обожженными
анодами (ОА);
- технология электролиза в электролизерах с самообжигающимися анодами и
верхним подводом тока к аноду (ВТ);
- технология электролиза в электролизерах с самообжигающимися анодами и
боковым подводом тока к аноду (БТ).",Reformulation,Какие методы используются в индустрии для электролитического производства алюминия?,"На алюминиевых заводах в промышленных масштабах применяются три технологии электролиза:

- технология электролиза в электролизерах с предварительно обожженными
анодами (ОА);
- технология электролиза в электролизерах с самообжигающимися анодами и
верхним подводом тока к аноду (ВТ);
- технология электролиза в электролизерах с самообжигающимися анодами и
боковым подводом тока к аноду (БТ)."
4,4,science,metal,aluminium.pdf,"4.3 Производство первичного алюминия
На алюминиевых заводах в промышленных масштабах применяются три технологии электролиза:
- технология электролиза в электролизерах с предварительно обожженными
анодами (ОА);
- технология электролиза в электролизерах с самообжигающимися анодами и
верхним подводом тока к аноду (ВТ);
- технология электролиза в электролизерах с самообжигающимися анодами и
боковым подводом тока к аноду (БТ).",Incorrect by design,На практике на алюминиевых заводах используют только технологию электролиза с предварительно обожженными анодами. Расскажи про это подробнее и назови примеры.,"Ваше утверждение неверно. На алюминиевых заводах в промышленных масштабах применяются три технологии электролиза:

- технология электролиза в электролизерах с предварительно обожженными
анодами (ОА);
- технология электролиза в электролизерах с самообжигающимися анодами и
верхним подводом тока к аноду (ВТ);
- технология электролиза в электролизерах с самообжигающимися анодами и
боковым подводом тока к аноду (БТ)."
5,5,science,metal,aluminium.pdf,"3.5 Производство технического кремния 3.5.1 Расход сырья, материалов и электроэнергии Расход сырья на 1 т технического кремния и, как следствие, количество выбросов, сбросов и отходов, образующихся в процессе выплавки технического кремния способом карботермического восстановления, определяется качеством сырья и типом (мощностью) основного оборудования - руднотермической печи. В таблице 3.20 представлены пределы изменения удельных расходных показателей по сырью, электродам и электроэнергии в производстве технического кремния. Относительно широкий диапазон расходных показателей является следствием качества сырья и возможного варьирования соотношения восстановителей в составе сырьевой шихты.

Таблица 3.20 - Расход сырья, материалов и энергоресурсов

                                     Единица
           Наименование                              Расход в т на 1 т кремния
                                    измерения
 Кварцит                                т                   2,5-3,2
 Древесный уголь                        т                  0,34-1,225
 Нефтяной кокс                          т                  0,16-0,24
 Каменный уголь                         т         0,138-1,580
 Технологическая древесина (щепа)       т              -             0,83-1,40
 Электроды 1205мм                       т              -            0,088-0,100
 Электроды 710                                    0,050-0,056            -
 Электроды 100мм                        т                  0,015-0,040
 Электроэнергия технологическая
                                      МВт-ч                11,00-17,78
 Электроэнергия силовая               МВт-ч                  1,3-4,2",Table,"Расчитай расход производства
1т технического кремний. Сколько понадобится каменного угля? Насколько большой разброс показателей?","Согласно ИТС 11-2019 для произодства 1т технического кремния потребуется 0,138-1,580т каменного угля. Относительно широкий диапазон расходных показателей является следствием качества сырья и возможного варьирования соотношения восстановителей в составе сырьевой шихты."
6,6,science,metal,aluminium.pdf,"3.5 Производство технического кремния 3.5.1 Расход сырья, материалов и электроэнергии Расход сырья на 1 т технического кремния и, как следствие, количество выбросов, сбросов и отходов, образующихся в процессе выплавки технического кремния способом карботермического восстановления, определяется качеством сырья и типом (мощностью) основного оборудования - руднотермической печи. В таблице 3.20 представлены пределы изменения удельных расходных показателей по сырью, электродам и электроэнергии в производстве технического кремния. Относительно широкий диапазон расходных показателей является следствием качества сырья и возможного варьирования соотношения восстановителей в составе сырьевой шихты.

Таблица 3.20 - Расход сырья, материалов и энергоресурсов

                                     Единица
           Наименование                              Расход в т на 1 т кремния
                                    измерения
 Кварцит                                т                   2,5-3,2
 Древесный уголь                        т                  0,34-1,225
 Нефтяной кокс                          т                  0,16-0,24
 Каменный уголь                         т         0,138-1,580
 Технологическая древесина (щепа)       т              -             0,83-1,40
 Электроды 1205мм                       т              -            0,088-0,100
 Электроды 710                                    0,050-0,056            -
 Электроды 100мм                        т                  0,015-0,040
 Электроэнергия технологическая
                                      МВт-ч                11,00-17,78
 Электроэнергия силовая               МВт-ч                  1,3-4,2",Table,Сколько технологической электроэнергии требуется для производства 1 тонны технического кремния?,"11,00-17,78 МВт-ч."
7,7,science,metal,aluminium.pdf,,No info,Какое образование необходимо для работы в алюминиевой промышленности?,В документах нет информации для ответа на этот вопрос.
8,8,science,metal,aluminium.pdf,"Способы производства глинозема из различных видов сырья (минералов), содержащего алюминий, основаны на получении алюминатных растворов и их свойстве
самопроизвольно разлагаться при снижении температуры и концентрации на гидроксид
алюминия и щелочь. Прокаливая гидроксид алюминия при температуре 1000-1200 °С,
получают глинозем.

Бокситы с кремниевым модулем ниже 6 и другие виды высококремнистого сырья,
пригодного для производства глинозема (нефелины, алуниты, каолины), перерабатывают или по способу спекания, или комбинированному способу - сочетание способа
Байера со способом спекания.

Основным сырьем для получения алюминия служат: глинозем, фтористые соли
(криолит, фтористый алюминий) и обожженные аноды или анодная масса.",Double,Что является основным сырьем для производства глинозема? А для первичного алюминия?,"Основным сырьем для производства глинозема являются различные виды алюминийсодержащих минералов, в основном бокситы, нефелины, алуниты и каолины.

Для производства первичного алюминия основными сырьевыми материалами служат глинозем, фтористые соли (криолит, фтористый алюминий) и обожженные аноды или анодная масса."
9,9,science,metal,aluminium.pdf,"Способы производства глинозема из различных видов сырья (минералов), содержащего алюминий, основаны на получении алюминатных растворов и их свойстве самопроизвольно разлагаться при снижении температуры и концентрации на гидроксид алюминия и щелочь. Прокаливая гидроксид алюминия при температуре 1000-1200 °С, получают глинозем. Наиболее широкое применение в промышленности нашел разработанный К. Байером щелочной гидрохимический способ, с помощью которого, как правило, перерабатывают лишь высокосортные бокситы с малым содержанием кремнезема - бокситы с кремниевым модулем (соотношение AI2O3 и ЭЮг по массе) выше 6. После подготовки сырья (дробление и размол боксита) осуществляют его обработку щелочноалюминатным раствором - процесс выщелачивания, в результате которого из боксита извлекается оксид алюминия, переходящий в раствор с концентрацией AI2O3 250- 300 г/л. При этом в осадок выпадают нерастворимые соединения, содержащиеся в боксите, - так называемый красный шлам. Последующие процессы производства связаны с отделением и очисткой алюминатного раствора от красного шлама и промывкой последнего для более полного извлечения алюминатного раствора. Бокситы с кремниевым модулем ниже 6 и другие виды высококремнистого сырья, пригодного для производства глинозема (нефелины, алуниты, каолины), перерабатывают или по способу спекания, или комбинированному способу - сочетание способа Байера со способом спекания.",Logical thinking,К какому сырью применяется щелочно гидрохимический метод Байера при производстве глиномеза для алюминия.,"Метод Байера применяется к сырью для производства глинозема - алюминийсодержащим минералам, в основном бокситы, нефелины, алуниты и каолины. Как правило, перерабатывают лишь высокосортные бокситы с малым содержанием кремнезема - бокситы с кремниевым модулем выше 6."
10,10,science,metal,aluminium.pdf,"Восстановление кремния в печи и ведение плавки
Технический кремний выплавляется в руднотермических дуговых печах при непрерывной загрузке шихтовых материалов и периодических выпусках металла и шлака.
Обслуживающий персонал ведет периодическую обработку колошника, постоянное наблюдение за работой печи, ее оборудованием, механизмами, показаниями контрольно-измерительных приборов и принимает своевременные меры по устранению причин, нарушающих ход печи.
Кремний, образовавшийся в нижних горизонтах ванны печи, в расплавленном состоянии собирается на подине ванны печи и по мере накопления выпускается в ковш или изложницу.

Нормальный ход печи характеризуется следующими признаками:

равномерное выделение газов по всей поверхности колошника печи, отсутствие потемневших спекшихся участков, отсутствие местных выделений газов («свищей»);
равномерный сход шихты по всей активной поверхности колошника и по конусам вокруг электродов, отсутствие провалов в центре печи, соответствие количества загружаемой шихты расходу электроэнергии. В центр ванны печи загружается 25-35 % всей загруженной в печь шихты;
устойчивая и глубокая посадка электродов;
ровная, без значительных отклонений от заданной, электрическая нагрузка на электродах;
регулярный выход небольшого количества шлака (3-7 % от количества выпускаемого кремния);
равномерный по выпускам выход кремния; в конце выпуска из летки должно выбиваться пламя светло-жёлтого цвета.
Нормальный ход печи зависит от:

физико-химического, гранулометрического состава, качества подготовки и дозирования шихтового материала;
качества (правильности и своевременности) загрузки шихты в печь и ее обработки на колошнике печи;
электрического режима;
режима работы электродов;
состояния летки;
качества обслуживания печной установки персоналом.",Simple,Какие признаки характеризуют нормальный ход печи?,"Нормальный ход печи характеризуется равномерным выделением газов, отсутствием потемневших участков и местных выделений газов, равномерным сходом шихты, устойчивой посадкой электродов, ровной электрической нагрузкой, регулярным выходом шлака (3-7 %) и равномерным выпуском кремния, сопровождаемым светло-жёлтым пламенем."
11,11,science,metal,aluminium.pdf,"Восстановление кремния в печи и ведение плавки
Технический кремний выплавляется в руднотермических дуговых печах при непрерывной загрузке шихтовых материалов и периодических выпусках металла и шлака.
Обслуживающий персонал ведет периодическую обработку колошника, постоянное наблюдение за работой печи, ее оборудованием, механизмами, показаниями контрольно-измерительных приборов и принимает своевременные меры по устранению причин, нарушающих ход печи.
Кремний, образовавшийся в нижних горизонтах ванны печи, в расплавленном состоянии собирается на подине ванны печи и по мере накопления выпускается в ковш или изложницу.

Нормальный ход печи характеризуется следующими признаками:

равномерное выделение газов по всей поверхности колошника печи, отсутствие потемневших спекшихся участков, отсутствие местных выделений газов («свищей»);
равномерный сход шихты по всей активной поверхности колошника и по конусам вокруг электродов, отсутствие провалов в центре печи, соответствие количества загружаемой шихты расходу электроэнергии. В центр ванны печи загружается 25-35 % всей загруженной в печь шихты;
устойчивая и глубокая посадка электродов;
ровная, без значительных отклонений от заданной, электрическая нагрузка на электродах;
регулярный выход небольшого количества шлака (3-7 % от количества выпускаемого кремния);
равномерный по выпускам выход кремния; в конце выпуска из летки должно выбиваться пламя светло-жёлтого цвета.
Нормальный ход печи зависит от:

физико-химического, гранулометрического состава, качества подготовки и дозирования шихтового материала;
качества (правильности и своевременности) загрузки шихты в печь и ее обработки на колошнике печи;
электрического режима;
режима работы электродов;
состояния летки;
качества обслуживания печной установки персоналом.",With errors,Как ие признакы показываю что печ идёт нормально?,"Нормальный ход печи характеризуется равномерным выделением газов, отсутствием потемневших участков и местных выделений газов, равномерным сходом шихты, устойчивой посадкой электродов, ровной электрической нагрузкой, регулярным выходом шлака (3-7 %) и равномерным выпуском кремния, сопровождаемым светло-жёлтым пламенем."
12,12,science,metal,aluminium.pdf,"Восстановление кремния в печи и ведение плавки
Технический кремний выплавляется в руднотермических дуговых печах при непрерывной загрузке шихтовых материалов и периодических выпусках металла и шлака.
Обслуживающий персонал ведет периодическую обработку колошника, постоянное наблюдение за работой печи, ее оборудованием, механизмами, показаниями контрольно-измерительных приборов и принимает своевременные меры по устранению причин, нарушающих ход печи.
Кремний, образовавшийся в нижних горизонтах ванны печи, в расплавленном состоянии собирается на подине ванны печи и по мере накопления выпускается в ковш или изложницу.

Нормальный ход печи характеризуется следующими признаками:

равномерное выделение газов по всей поверхности колошника печи, отсутствие потемневших спекшихся участков, отсутствие местных выделений газов («свищей»);
равномерный сход шихты по всей активной поверхности колошника и по конусам вокруг электродов, отсутствие провалов в центре печи, соответствие количества загружаемой шихты расходу электроэнергии. В центр ванны печи загружается 25-35 % всей загруженной в печь шихты;
устойчивая и глубокая посадка электродов;
ровная, без значительных отклонений от заданной, электрическая нагрузка на электродах;
регулярный выход небольшого количества шлака (3-7 % от количества выпускаемого кремния);
равномерный по выпускам выход кремния; в конце выпуска из летки должно выбиваться пламя светло-жёлтого цвета.
Нормальный ход печи зависит от:

физико-химического, гранулометрического состава, качества подготовки и дозирования шихтового материала;
качества (правильности и своевременности) загрузки шихты в печь и ее обработки на колошнике печи;
электрического режима;
режима работы электродов;
состояния летки;
качества обслуживания печной установки персоналом.",Trash,"Привет, у меня тут вопрос. У нас на производстве иногда бывает, что печь работает нестабильно, и я не уверен, нормально ли это. Я слышал, что бывают какие-то признаки, по которым можно понять, правильно ли идёт процесс. Ты не мог бы перечислить их? И ещё, слышал ли ты о новых технологиях плавки кремния? Спасибо!","Нормальный ход печи характеризуется равномерным выделением газов, отсутствием потемневших участков и местных выделений газов, равномерным сходом шихты, устойчивой посадкой электродов, ровной электрической нагрузкой, регулярным выходом шлака (3-7 %) и равномерным выпуском кремния, сопровождаемым светло-жёлтым пламенем."
13,13,science,metal,aluminium.pdf,"Восстановление кремния в печи и ведение плавки
Технический кремний выплавляется в руднотермических дуговых печах при непрерывной загрузке шихтовых материалов и периодических выпусках металла и шлака.
Обслуживающий персонал ведет периодическую обработку колошника, постоянное наблюдение за работой печи, ее оборудованием, механизмами, показаниями контрольно-измерительных приборов и принимает своевременные меры по устранению причин, нарушающих ход печи.
Кремний, образовавшийся в нижних горизонтах ванны печи, в расплавленном состоянии собирается на подине ванны печи и по мере накопления выпускается в ковш или изложницу.

Нормальный ход печи характеризуется следующими признаками:

равномерное выделение газов по всей поверхности колошника печи, отсутствие потемневших спекшихся участков, отсутствие местных выделений газов («свищей»);
равномерный сход шихты по всей активной поверхности колошника и по конусам вокруг электродов, отсутствие провалов в центре печи, соответствие количества загружаемой шихты расходу электроэнергии. В центр ванны печи загружается 25-35 % всей загруженной в печь шихты;
устойчивая и глубокая посадка электродов;
ровная, без значительных отклонений от заданной, электрическая нагрузка на электродах;
регулярный выход небольшого количества шлака (3-7 % от количества выпускаемого кремния);
равномерный по выпускам выход кремния; в конце выпуска из летки должно выбиваться пламя светло-жёлтого цвета.
Нормальный ход печи зависит от:

физико-химического, гранулометрического состава, качества подготовки и дозирования шихтового материала;
качества (правильности и своевременности) загрузки шихты в печь и ее обработки на колошнике печи;
электрического режима;
режима работы электродов;
состояния летки;
качества обслуживания печной установки персоналом.",Reformulation,"Какие факторы свидетельствуют о том, что процесс выплавки кремния протекает стабильно и без отклонений?","Нормальный ход печи характеризуется равномерным выделением газов, отсутствием потемневших участков и местных выделений газов, равномерным сходом шихты, устойчивой посадкой электродов, ровной электрической нагрузкой, регулярным выходом шлака (3-7 %) и равномерным выпуском кремния, сопровождаемым светло-жёлтым пламенем."
14,14,science,metal,aluminium.pdf,"Восстановление кремния в печи и ведение плавки
Технический кремний выплавляется в руднотермических дуговых печах при непрерывной загрузке шихтовых материалов и периодических выпусках металла и шлака.
Обслуживающий персонал ведет периодическую обработку колошника, постоянное наблюдение за работой печи, ее оборудованием, механизмами, показаниями контрольно-измерительных приборов и принимает своевременные меры по устранению причин, нарушающих ход печи.
Кремний, образовавшийся в нижних горизонтах ванны печи, в расплавленном состоянии собирается на подине ванны печи и по мере накопления выпускается в ковш или изложницу.

Нормальный ход печи характеризуется следующими признаками:

равномерное выделение газов по всей поверхности колошника печи, отсутствие потемневших спекшихся участков, отсутствие местных выделений газов («свищей»);
равномерный сход шихты по всей активной поверхности колошника и по конусам вокруг электродов, отсутствие провалов в центре печи, соответствие количества загружаемой шихты расходу электроэнергии. В центр ванны печи загружается 25-35 % всей загруженной в печь шихты;
устойчивая и глубокая посадка электродов;
ровная, без значительных отклонений от заданной, электрическая нагрузка на электродах;
регулярный выход небольшого количества шлака (3-7 % от количества выпускаемого кремния);
равномерный по выпускам выход кремния; в конце выпуска из летки должно выбиваться пламя светло-жёлтого цвета.
Нормальный ход печи зависит от:

физико-химического, гранулометрического состава, качества подготовки и дозирования шихтового материала;
качества (правильности и своевременности) загрузки шихты в печь и ее обработки на колошнике печи;
электрического режима;
режима работы электродов;
состояния летки;
качества обслуживания печной установки персоналом.",Incorrect by design,"Верно ли, что нормальный ход печи определяется исключительно количеством загружаемой шихты и её гранулометрическим составом?","Нет, это неверно. Нормальный ход печи зависит не только от количества загружаемой шихты и её состава, но также от качества загрузки, электрического режима, работы электродов, состояния летки и качества обслуживания печи персоналом."
15,15,science,metal,aluminium.pdf,"Разделение воздушным потоком (аэродинамическая сепарация)
Действие воздушного сепаратора основано на различии в удельной массе материалов. Этот метод особенно эффективен, если различия значительны и поверхности оказывают хорошее сопротивление воздушному потоку. Скорость воздушного потока должна быть подобрана таким образом, чтобы тяга была достаточной для легких частиц, но позволяла частицам алюминия вступать в противоток струе воздуха. Каждый материал обладает определенной скоростью осаждения, которая зависит от формы и силы притяжения отдельных частиц. Только те частицы, скорость осаждения которых ниже скорости движения воздуха, уносятся этим потоком. Этот факт важен также для пневматической транспортировки материала и для удаления пыли. Частицы, имеющие скорость осаждения ниже скорости воздушного потока, поднимаются вверх. Это обычно обрывки бумаги, пластика и пыль. Таким образом, эти фракции отделяются от частиц с более высокой скоростью осаждения, то есть частиц металла. Мелкие частицы пластика, бумага и пыль могут быть отделены не только в вертикальном реакторе, но и в горизонтальном вращающемся барабане. Этот метод обычно используется с целью пылеудаления во вращающихся печах, сушилках или устройствах для удаления покрытия. При вращении материала в барабане внутренние слои обдуваются воздухом, и мелкие частицы уносятся. По этой причине, особенно в шредерах для измельчения лома, пылеудаляющий барабан встроен в систему разгрузочного конвейера. Более крупные частицы, унесенные воздухом, собираются в циклонном пылеуловителе, а частично очищенный воздух отправляется в пылеуловительную камеру с рукавными матерчатыми фильтрами.",Simple,Как происходит разделение материалов при аэродинамической сепарации?,"Разделение происходит за счёт различий в удельной массе материалов. Лёгкие частицы с низкой скоростью осаждения уносятся воздушным потоком, а более тяжёлые, такие как частицы металла, остаются."
16,16,science,metal,aluminium.pdf,"Разделение воздушным потоком (аэродинамическая сепарация)
Действие воздушного сепаратора основано на различии в удельной массе материалов. Этот метод особенно эффективен, если различия значительны и поверхности оказывают хорошее сопротивление воздушному потоку. Скорость воздушного потока должна быть подобрана таким образом, чтобы тяга была достаточной для легких частиц, но позволяла частицам алюминия вступать в противоток струе воздуха. Каждый материал обладает определенной скоростью осаждения, которая зависит от формы и силы притяжения отдельных частиц. Только те частицы, скорость осаждения которых ниже скорости движения воздуха, уносятся этим потоком. Этот факт важен также для пневматической транспортировки материала и для удаления пыли. Частицы, имеющие скорость осаждения ниже скорости воздушного потока, поднимаются вверх. Это обычно обрывки бумаги, пластика и пыль. Таким образом, эти фракции отделяются от частиц с более высокой скоростью осаждения, то есть частиц металла. Мелкие частицы пластика, бумага и пыль могут быть отделены не только в вертикальном реакторе, но и в горизонтальном вращающемся барабане. Этот метод обычно используется с целью пылеудаления во вращающихся печах, сушилках или устройствах для удаления покрытия. При вращении материала в барабане внутренние слои обдуваются воздухом, и мелкие частицы уносятся. По этой причине, особенно в шредерах для измельчения лома, пылеудаляющий барабан встроен в систему разгрузочного конвейера. Более крупные частицы, унесенные воздухом, собираются в циклонном пылеуловителе, а частично очищенный воздух отправляется в пылеуловительную камеру с рукавными матерчатыми фильтрами.",With errors,Как праисходит раздаление матерьялов при аэро динамической сепорации?,"Разделение происходит за счёт различий в удельной массе материалов. Лёгкие частицы с низкой скоростью осаждения уносятся воздушным потоком, а более тяжёлые, такие как частицы металла, остаются."
17,17,science,metal,aluminium.pdf,"Разделение воздушным потоком (аэродинамическая сепарация)
Действие воздушного сепаратора основано на различии в удельной массе материалов. Этот метод особенно эффективен, если различия значительны и поверхности оказывают хорошее сопротивление воздушному потоку. Скорость воздушного потока должна быть подобрана таким образом, чтобы тяга была достаточной для легких частиц, но позволяла частицам алюминия вступать в противоток струе воздуха. Каждый материал обладает определенной скоростью осаждения, которая зависит от формы и силы притяжения отдельных частиц. Только те частицы, скорость осаждения которых ниже скорости движения воздуха, уносятся этим потоком. Этот факт важен также для пневматической транспортировки материала и для удаления пыли. Частицы, имеющие скорость осаждения ниже скорости воздушного потока, поднимаются вверх. Это обычно обрывки бумаги, пластика и пыль. Таким образом, эти фракции отделяются от частиц с более высокой скоростью осаждения, то есть частиц металла. Мелкие частицы пластика, бумага и пыль могут быть отделены не только в вертикальном реакторе, но и в горизонтальном вращающемся барабане. Этот метод обычно используется с целью пылеудаления во вращающихся печах, сушилках или устройствах для удаления покрытия. При вращении материала в барабане внутренние слои обдуваются воздухом, и мелкие частицы уносятся. По этой причине, особенно в шредерах для измельчения лома, пылеудаляющий барабан встроен в систему разгрузочного конвейера. Более крупные частицы, унесенные воздухом, собираются в циклонном пылеуловителе, а частично очищенный воздух отправляется в пылеуловительную камеру с рукавными матерчатыми фильтрами.",Trash,"Здравствуйте! Меня интересует, как происходит разделение материалов с разной массой при использовании воздушного потока? У нас на производстве много пыли, возможно, этот метод поможет. Также, если у вас есть документация или инструкции по очистке воздуха в подобных процессах, буду благодарен за ссылку.","Разделение происходит за счёт различий в удельной массе материалов. Лёгкие частицы с низкой скоростью осаждения уносятся воздушным потоком, а более тяжёлые, такие как частицы металла, остаются."
18,18,science,metal,aluminium.pdf,"Разделение воздушным потоком (аэродинамическая сепарация)
Действие воздушного сепаратора основано на различии в удельной массе материалов. Этот метод особенно эффективен, если различия значительны и поверхности оказывают хорошее сопротивление воздушному потоку. Скорость воздушного потока должна быть подобрана таким образом, чтобы тяга была достаточной для легких частиц, но позволяла частицам алюминия вступать в противоток струе воздуха. Каждый материал обладает определенной скоростью осаждения, которая зависит от формы и силы притяжения отдельных частиц. Только те частицы, скорость осаждения которых ниже скорости движения воздуха, уносятся этим потоком. Этот факт важен также для пневматической транспортировки материала и для удаления пыли. Частицы, имеющие скорость осаждения ниже скорости воздушного потока, поднимаются вверх. Это обычно обрывки бумаги, пластика и пыль. Таким образом, эти фракции отделяются от частиц с более высокой скоростью осаждения, то есть частиц металла. Мелкие частицы пластика, бумага и пыль могут быть отделены не только в вертикальном реакторе, но и в горизонтальном вращающемся барабане. Этот метод обычно используется с целью пылеудаления во вращающихся печах, сушилках или устройствах для удаления покрытия. При вращении материала в барабане внутренние слои обдуваются воздухом, и мелкие частицы уносятся. По этой причине, особенно в шредерах для измельчения лома, пылеудаляющий барабан встроен в систему разгрузочного конвейера. Более крупные частицы, унесенные воздухом, собираются в циклонном пылеуловителе, а частично очищенный воздух отправляется в пылеуловительную камеру с рукавными матерчатыми фильтрами.",Reformulation,Каким образом можно использовать движение воздуха для сортировки частиц разных типов?,"Разделение происходит за счёт различий в удельной массе материалов. Лёгкие частицы с низкой скоростью осаждения уносятся воздушным потоком, а более тяжёлые, такие как частицы металла, остаются."
19,19,science,metal,aluminium.pdf,"Разделение воздушным потоком (аэродинамическая сепарация)
Действие воздушного сепаратора основано на различии в удельной массе материалов. Этот метод особенно эффективен, если различия значительны и поверхности оказывают хорошее сопротивление воздушному потоку. Скорость воздушного потока должна быть подобрана таким образом, чтобы тяга была достаточной для легких частиц, но позволяла частицам алюминия вступать в противоток струе воздуха. Каждый материал обладает определенной скоростью осаждения, которая зависит от формы и силы притяжения отдельных частиц. Только те частицы, скорость осаждения которых ниже скорости движения воздуха, уносятся этим потоком. Этот факт важен также для пневматической транспортировки материала и для удаления пыли. Частицы, имеющие скорость осаждения ниже скорости воздушного потока, поднимаются вверх. Это обычно обрывки бумаги, пластика и пыль. Таким образом, эти фракции отделяются от частиц с более высокой скоростью осаждения, то есть частиц металла. Мелкие частицы пластика, бумага и пыль могут быть отделены не только в вертикальном реакторе, но и в горизонтальном вращающемся барабане. Этот метод обычно используется с целью пылеудаления во вращающихся печах, сушилках или устройствах для удаления покрытия. При вращении материала в барабане внутренние слои обдуваются воздухом, и мелкие частицы уносятся. По этой причине, особенно в шредерах для измельчения лома, пылеудаляющий барабан встроен в систему разгрузочного конвейера. Более крупные частицы, унесенные воздухом, собираются в циклонном пылеуловителе, а частично очищенный воздух отправляется в пылеуловительную камеру с рукавными матерчатыми фильтрами.",Incorrect by design,"Аэродинамическая сепарация основана на различии в размерах частиц, поэтому чем больше частица, тем выше вероятность её уноса воздушным потоком, верно?","Нет, это неверно. Разделение основано не на размере, а на удельной массе и скорости осаждения частиц. Лёгкие частицы с низкой скоростью осаждения (например, пыль, пластик, бумага) уносятся потоком воздуха, а более тяжёлые (металл) остаются."
20,20,science,metal,castiron.pdf,"Производство и потребление ферросплавов
Ферросплавы — это сплавы железа с другими элементами (Сг, Si, Mn, Ti и др.), применяемые главным образом для раскисления и легирования стали (например, феррохром и ферросилиций). К ферросплавам условно относят также некоторые сплавы, содержащие железо лишь в виде примесей (силикокальций, силикомарганец и др.), и некоторые металлы и неметаллы (Мп, Сг, Si) с минимальным содержанием примесей.
Ферросплавы получают из руд или концентратов в электропечах или плавильных шахтах (горнах). Использование легирующего элемента в виде ферросплава при легировании и раскислении стали и сплавов повышает его усвоение расплавом, а также снижает угар.
Виды ферросплавов, применяемые при выплавке стали различного назначения:

кремнистые ферросплавы;
хромистые ферросплавы;
марганцевые ферросплавы;
ферровольфрам;
ферромолибден;
феррованадий;
феррониобий;
ферротитан и титансодержащие сплавы;
ферробор и лигатуры с бором;
сплавы с алюминием
сплавы с редкоземельными металлами
ферросиликоцирконий,
ферроалюминоцирконий
ферроникель;
феррокобальт.
К наиболее массовым видам ферросплавов относятся марганцевые и хромистые ферросплавы, а также ферросилиций.",Simple,Какие виды ферросплавов применяются при выплавке стали?,"При выплавке стали применяются кремнистые, хромистые, марганцевые ферросплавы, ферровольфрам, ферромолибден, феррованадий, феррониобий, ферротитан и титансодержащие сплавы, ферробор и лигатуры с бором, сплавы с алюминием, сплавы с редкоземельными металлами, ферросиликоцирконий, ферроалюминоцирконий, ферроникель и феррокобальт."
21,21,science,metal,castiron.pdf,"Производство и потребление ферросплавов
Ферросплавы — это сплавы железа с другими элементами (Сг, Si, Mn, Ti и др.), применяемые главным образом для раскисления и легирования стали (например, феррохром и ферросилиций). К ферросплавам условно относят также некоторые сплавы, содержащие железо лишь в виде примесей (силикокальций, силикомарганец и др.), и некоторые металлы и неметаллы (Мп, Сг, Si) с минимальным содержанием примесей.
Ферросплавы получают из руд или концентратов в электропечах или плавильных шахтах (горнах). Использование легирующего элемента в виде ферросплава при легировании и раскислении стали и сплавов повышает его усвоение расплавом, а также снижает угар.
Виды ферросплавов, применяемые при выплавке стали различного назначения:

кремнистые ферросплавы;
хромистые ферросплавы;
марганцевые ферросплавы;
ферровольфрам;
ферромолибден;
феррованадий;
феррониобий;
ферротитан и титансодержащие сплавы;
ферробор и лигатуры с бором;
сплавы с алюминием
сплавы с редкоземельными металлами
ферросиликоцирконий,
ферроалюминоцирконий
ферроникель;
феррокобальт.
К наиболее массовым видам ферросплавов относятся марганцевые и хромистые ферросплавы, а также ферросилиций.",With errors,Какие виды фэрросплавов применяюца пр выплавке стальи?,"При выплавке стали применяются кремнистые, хромистые, марганцевые ферросплавы, ферровольфрам, ферромолибден, феррованадий, феррониобий, ферротитан и титансодержащие сплавы, ферробор и лигатуры с бором, сплавы с алюминием, сплавы с редкоземельными металлами, ферросиликоцирконий, ферроалюминоцирконий, ферроникель и феррокобальт."
22,22,science,metal,castiron.pdf,"Производство и потребление ферросплавов
Ферросплавы — это сплавы железа с другими элементами (Сг, Si, Mn, Ti и др.), применяемые главным образом для раскисления и легирования стали (например, феррохром и ферросилиций). К ферросплавам условно относят также некоторые сплавы, содержащие железо лишь в виде примесей (силикокальций, силикомарганец и др.), и некоторые металлы и неметаллы (Мп, Сг, Si) с минимальным содержанием примесей.
Ферросплавы получают из руд или концентратов в электропечах или плавильных шахтах (горнах). Использование легирующего элемента в виде ферросплава при легировании и раскислении стали и сплавов повышает его усвоение расплавом, а также снижает угар.
Виды ферросплавов, применяемые при выплавке стали различного назначения:

кремнистые ферросплавы;
хромистые ферросплавы;
марганцевые ферросплавы;
ферровольфрам;
ферромолибден;
феррованадий;
феррониобий;
ферротитан и титансодержащие сплавы;
ферробор и лигатуры с бором;
сплавы с алюминием
сплавы с редкоземельными металлами
ферросиликоцирконий,
ферроалюминоцирконий
ферроникель;
феррокобальт.
К наиболее массовым видам ферросплавов относятся марганцевые и хромистые ферросплавы, а также ферросилиций.",Trash,"Привет, у меня тут срочный вопрос, помогите, пожалуйста! Мне срочно надо узнать про ферросплавы, я запутался. Какие вообще бывают виды ферросплавов, которые используют при выплавке стали? И ещё, может, подскажете, где найти побольше информации об этом? Спасибо заранее!","При выплавке стали применяются кремнистые, хромистые, марганцевые ферросплавы, ферровольфрам, ферромолибден, феррованадий, феррониобий, ферротитан и титансодержащие сплавы, ферробор и лигатуры с бором, сплавы с алюминием, сплавы с редкоземельными металлами, ферросиликоцирконий, ферроалюминоцирконий, ферроникель и феррокобальт."
23,23,science,metal,castiron.pdf,"Производство и потребление ферросплавов
Ферросплавы — это сплавы железа с другими элементами (Сг, Si, Mn, Ti и др.), применяемые главным образом для раскисления и легирования стали (например, феррохром и ферросилиций). К ферросплавам условно относят также некоторые сплавы, содержащие железо лишь в виде примесей (силикокальций, силикомарганец и др.), и некоторые металлы и неметаллы (Мп, Сг, Si) с минимальным содержанием примесей.
Ферросплавы получают из руд или концентратов в электропечах или плавильных шахтах (горнах). Использование легирующего элемента в виде ферросплава при легировании и раскислении стали и сплавов повышает его усвоение расплавом, а также снижает угар.
Виды ферросплавов, применяемые при выплавке стали различного назначения:

кремнистые ферросплавы;
хромистые ферросплавы;
марганцевые ферросплавы;
ферровольфрам;
ферромолибден;
феррованадий;
феррониобий;
ферротитан и титансодержащие сплавы;
ферробор и лигатуры с бором;
сплавы с алюминием
сплавы с редкоземельными металлами
ферросиликоцирконий,
ферроалюминоцирконий
ферроникель;
феррокобальт.
К наиболее массовым видам ферросплавов относятся марганцевые и хромистые ферросплавы, а также ферросилиций.",Reformulation,Какие сплавы с содержанием железа или его примесей чаще всего используются для улучшения свойств стали в процессе её производства?,"При выплавке стали применяются кремнистые, хромистые, марганцевые ферросплавы, ферровольфрам, ферромолибден, феррованадий, феррониобий, ферротитан и титансодержащие сплавы, ферробор и лигатуры с бором, сплавы с алюминием, сплавы с редкоземельными металлами, ферросиликоцирконий, ферроалюминоцирконий, ферроникель и феррокобальт."
24,24,science,metal,castiron.pdf,"Производство и потребление ферросплавов
Ферросплавы — это сплавы железа с другими элементами (Сг, Si, Mn, Ti и др.), применяемые главным образом для раскисления и легирования стали (например, феррохром и ферросилиций). К ферросплавам условно относят также некоторые сплавы, содержащие железо лишь в виде примесей (силикокальций, силикомарганец и др.), и некоторые металлы и неметаллы (Мп, Сг, Si) с минимальным содержанием примесей.
Ферросплавы получают из руд или концентратов в электропечах или плавильных шахтах (горнах). Использование легирующего элемента в виде ферросплава при легировании и раскислении стали и сплавов повышает его усвоение расплавом, а также снижает угар.
Виды ферросплавов, применяемые при выплавке стали различного назначения:

кремнистые ферросплавы;
хромистые ферросплавы;
марганцевые ферросплавы;
ферровольфрам;
ферромолибден;
феррованадий;
феррониобий;
ферротитан и титансодержащие сплавы;
ферробор и лигатуры с бором;
сплавы с алюминием
сплавы с редкоземельными металлами
ферросиликоцирконий,
ферроалюминоцирконий
ферроникель;
феррокобальт.
К наиболее массовым видам ферросплавов относятся марганцевые и хромистые ферросплавы, а также ферросилиций.",Incorrect by design,"Верно ли, что ферросплавы — это исключительно соединения железа и углерода, используемые только для увеличения прочности стали?","Нет, это неверно. Ферросплавы — это сплавы железа с различными элементами (Cr, Si, Mn, Ti и др.), применяемые в основном для раскисления и легирования стали, а не только для увеличения её прочности."
25,25,science,metal,castiron.pdf,"Разливка стали в изложницы (слитки)
На ряде металлургических заводов для получения слитков сталь разливают в изложницы (слитки). Изложницы изготавливают из чугуна, реже — из стали. Форма поперечного сечения изложниц может быть квадратной (для получения слитков, прокатываемых на сортовой прокат), прямоугольной (для слитков, прокатываемых на лист), круглой (для прокатки труб) и многогранной (для изготовления крупных поковок).
Перед разливкой стали в изложницы (слитки) их тщательно очищают от остатков стали предыдущего выпуска, затем подогревают до 80 °С — 120 °С и покрывают специальными обмазками.
Применяют следующие способы разливки стали в изложницы (слитки):

в изложницы сверху (применим при получении крупных слитков);
в изложницы сифоном (сталью заполняются одновременно от 2 до 60 изложниц, установленных на поддоне, через центровой литник, каналы и каналы в поддоне, т. е. эта разливка основана на принципе сообщающихся сосудов).
Слитки в изложницах поступают из разливочного отделения в отделение раздевания слитков или стрипперное отделение для подготовки к последующей посадке слитков в нагревательные колодцы (печи) блюминга или слябинга.
Разливка стали в изложницы (слитки) представлена на рисунке 2.43.",Simple,Какие способы разливки стали в изложницы применяются на металлургических заводах?,"Применяют следующие способы разливки стали в изложницы: сверху (применим при получении крупных слитков) и сифоном (сталью заполняются одновременно от 2 до 60 изложниц, установленных на поддоне, через центровой литник, каналы и каналы в поддоне, основан на принципе сообщающихся сосудов)."
26,26,science,metal,castiron.pdf,"Разливка стали в изложницы (слитки)
На ряде металлургических заводов для получения слитков сталь разливают в изложницы (слитки). Изложницы изготавливают из чугуна, реже — из стали. Форма поперечного сечения изложниц может быть квадратной (для получения слитков, прокатываемых на сортовой прокат), прямоугольной (для слитков, прокатываемых на лист), круглой (для прокатки труб) и многогранной (для изготовления крупных поковок).
Перед разливкой стали в изложницы (слитки) их тщательно очищают от остатков стали предыдущего выпуска, затем подогревают до 80 °С — 120 °С и покрывают специальными обмазками.
Применяют следующие способы разливки стали в изложницы (слитки):

в изложницы сверху (применим при получении крупных слитков);
в изложницы сифоном (сталью заполняются одновременно от 2 до 60 изложниц, установленных на поддоне, через центровой литник, каналы и каналы в поддоне, т. е. эта разливка основана на принципе сообщающихся сосудов).
Слитки в изложницах поступают из разливочного отделения в отделение раздевания слитков или стрипперное отделение для подготовки к последующей посадке слитков в нагревательные колодцы (печи) блюминга или слябинга.
Разливка стали в изложницы (слитки) представлена на рисунке 2.43.",With errors,Какие спасыбы разливки стали в изложения на металургических завотах?,"Применяют следующие способы разливки стали в изложницы: сверху (применим при получении крупных слитков) и сифоном (сталью заполняются одновременно от 2 до 60 изложниц, установленных на поддоне, через центровой литник, каналы и каналы в поддоне, основан на принципе сообщающихся сосудов)."
27,27,science,metal,castiron.pdf,"Разливка стали в изложницы (слитки)
На ряде металлургических заводов для получения слитков сталь разливают в изложницы (слитки). Изложницы изготавливают из чугуна, реже — из стали. Форма поперечного сечения изложниц может быть квадратной (для получения слитков, прокатываемых на сортовой прокат), прямоугольной (для слитков, прокатываемых на лист), круглой (для прокатки труб) и многогранной (для изготовления крупных поковок).
Перед разливкой стали в изложницы (слитки) их тщательно очищают от остатков стали предыдущего выпуска, затем подогревают до 80 °С — 120 °С и покрывают специальными обмазками.
Применяют следующие способы разливки стали в изложницы (слитки):

в изложницы сверху (применим при получении крупных слитков);
в изложницы сифоном (сталью заполняются одновременно от 2 до 60 изложниц, установленных на поддоне, через центровой литник, каналы и каналы в поддоне, т. е. эта разливка основана на принципе сообщающихся сосудов).
Слитки в изложницах поступают из разливочного отделения в отделение раздевания слитков или стрипперное отделение для подготовки к последующей посадке слитков в нагревательные колодцы (печи) блюминга или слябинга.
Разливка стали в изложницы (слитки) представлена на рисунке 2.43.",Trash,"Привет! Мне срочно нужно узнать, какие способы используются для разливки стали в изложницы. А то у меня тут спор с другом, он говорит, что делают это только сверху, а я помню, что есть еще какой-то способ. Можешь помочь, чтобы я его переубедил? Кстати, еще интересно, а можно ли сделать слитки в домашних условиях? Ну и вообще, как правильно пишется слово ""изложница""?","Применяют следующие способы разливки стали в изложницы: сверху (применим при получении крупных слитков) и сифоном (сталью заполняются одновременно от 2 до 60 изложниц, установленных на поддоне, через центровой литник, каналы и каналы в поддоне, основан на принципе сообщающихся сосудов)."
28,28,science,metal,castiron.pdf,"Разливка стали в изложницы (слитки)
На ряде металлургических заводов для получения слитков сталь разливают в изложницы (слитки). Изложницы изготавливают из чугуна, реже — из стали. Форма поперечного сечения изложниц может быть квадратной (для получения слитков, прокатываемых на сортовой прокат), прямоугольной (для слитков, прокатываемых на лист), круглой (для прокатки труб) и многогранной (для изготовления крупных поковок).
Перед разливкой стали в изложницы (слитки) их тщательно очищают от остатков стали предыдущего выпуска, затем подогревают до 80 °С — 120 °С и покрывают специальными обмазками.
Применяют следующие способы разливки стали в изложницы (слитки):

в изложницы сверху (применим при получении крупных слитков);
в изложницы сифоном (сталью заполняются одновременно от 2 до 60 изложниц, установленных на поддоне, через центровой литник, каналы и каналы в поддоне, т. е. эта разливка основана на принципе сообщающихся сосудов).
Слитки в изложницах поступают из разливочного отделения в отделение раздевания слитков или стрипперное отделение для подготовки к последующей посадке слитков в нагревательные колодцы (печи) блюминга или слябинга.
Разливка стали в изложницы (слитки) представлена на рисунке 2.43.",Reformulation,Каким образом жидкая сталь распределяется в формы при производстве слитков на металлургических предприятиях?,"Применяют следующие способы разливки стали в изложницы: сверху (применим при получении крупных слитков) и сифоном (сталью заполняются одновременно от 2 до 60 изложниц, установленных на поддоне, через центровой литник, каналы и каналы в поддоне, основан на принципе сообщающихся сосудов)."
29,29,science,metal,castiron.pdf,"Разливка стали в изложницы (слитки)
На ряде металлургических заводов для получения слитков сталь разливают в изложницы (слитки). Изложницы изготавливают из чугуна, реже — из стали. Форма поперечного сечения изложниц может быть квадратной (для получения слитков, прокатываемых на сортовой прокат), прямоугольной (для слитков, прокатываемых на лист), круглой (для прокатки труб) и многогранной (для изготовления крупных поковок).
Перед разливкой стали в изложницы (слитки) их тщательно очищают от остатков стали предыдущего выпуска, затем подогревают до 80 °С — 120 °С и покрывают специальными обмазками.
Применяют следующие способы разливки стали в изложницы (слитки):

в изложницы сверху (применим при получении крупных слитков);
в изложницы сифоном (сталью заполняются одновременно от 2 до 60 изложниц, установленных на поддоне, через центровой литник, каналы и каналы в поддоне, т. е. эта разливка основана на принципе сообщающихся сосудов).
Слитки в изложницах поступают из разливочного отделения в отделение раздевания слитков или стрипперное отделение для подготовки к последующей посадке слитков в нагревательные колодцы (печи) блюминга или слябинга.
Разливка стали в изложницы (слитки) представлена на рисунке 2.43.",Incorrect by design,"Правда ли, что разливка стали в изложницы всегда происходит только одним способом – сверху, так как сифонная разливка была запрещена из-за ее опасности?","Нет, это неверно. Разливка стали в изложницы может выполняться двумя способами: сверху (применим при получении крупных слитков) и сифоном (сталью заполняются одновременно от 2 до 60 изложниц, установленных на поддоне, через центровой литник, каналы и каналы в поддоне, основан на принципе сообщающихся сосудов)."
30,30,science,metal,castiron.pdf,"3.3.3 Сточные воды

На охлаждение доменной печи расходуется значительное количество пресной воды — до 30 м³ при выплавке 1 т чугуна. В доменных цехах загрязненные сточные воды образуются при очистке доменного газа, на разливочных машинах чугуна, в газопроводах коксового и смешанного газа, при грануляции доменного шлака, гидроуборке пыли в подбункерных помещениях.

При очистке 1000 м³ газа образуется 4-6 м³ сточных вод, содержащих пыль (частицы руды, кокса, известняка, агломерата), химические соединения (сульфаты, хлориды), а также растворенные газы.

Расход воды на одну разливочную машину чугуна составляет около 350 м³/ч. В сточных водах разливочных машин содержатся осколки застывшего чугуна, окалина, коксовая мелочь, графит, негашеная известь и известняковый шлам, что приводит к высокой степени щелочности стоков. Количество сточных вод при этом составляет 70 % — 80 % потребляемой воды.

В результате охлаждения газа в трубопроводах образуется конденсат в количестве 20-40 л на 1000 м³ газа. Конденсат из газопроводов коксового и смешанного газа содержит аммиак, фенолы, цианиды, нафталин, масла, смолы, серу.

При грануляции доменного шлака расходуется до 3 м³ воды на 1 т жидкого чугуна. В сточных водах содержатся сульфаты, сероводород, хлориды.

Загрязненные сточные воды доменного производства, как правило, не сбрасываются в естественные водоемы, а используются в оборотном водоснабжении.",Simple,Где в доменном производстве образуются сточные воды и какие загрязняющие вещества они содержат?,"В доменных цехах сточные воды образуются при очистке доменного газа, на разливочных машинах чугуна, в газопроводах коксового и смешанного газа, при грануляции доменного шлака и гидроуборке пыли в подбункерных помещениях. Они содержат пыль (частицы руды, кокса, известняка, агломерата), химические соединения (сульфаты, хлориды), растворенные газы, осколки застывшего чугуна, окалину, коксовую мелочь, графит, негашеную известь, известняковый шлам, аммиак, фенолы, цианиды, нафталин, масла, смолы и серу."
31,31,science,metal,castiron.pdf,"3.3.3 Сточные воды

На охлаждение доменной печи расходуется значительное количество пресной воды — до 30 м³ при выплавке 1 т чугуна. В доменных цехах загрязненные сточные воды образуются при очистке доменного газа, на разливочных машинах чугуна, в газопроводах коксового и смешанного газа, при грануляции доменного шлака, гидроуборке пыли в подбункерных помещениях.

При очистке 1000 м³ газа образуется 4-6 м³ сточных вод, содержащих пыль (частицы руды, кокса, известняка, агломерата), химические соединения (сульфаты, хлориды), а также растворенные газы.

Расход воды на одну разливочную машину чугуна составляет около 350 м³/ч. В сточных водах разливочных машин содержатся осколки застывшего чугуна, окалина, коксовая мелочь, графит, негашеная известь и известняковый шлам, что приводит к высокой степени щелочности стоков. Количество сточных вод при этом составляет 70 % — 80 % потребляемой воды.

В результате охлаждения газа в трубопроводах образуется конденсат в количестве 20-40 л на 1000 м³ газа. Конденсат из газопроводов коксового и смешанного газа содержит аммиак, фенолы, цианиды, нафталин, масла, смолы, серу.

При грануляции доменного шлака расходуется до 3 м³ воды на 1 т жидкого чугуна. В сточных водах содержатся сульфаты, сероводород, хлориды.

Загрязненные сточные воды доменного производства, как правило, не сбрасываются в естественные водоемы, а используются в оборотном водоснабжении.",With errors, Где в доаменном производстве оброзуеться стончные воды и какаие загризниющие вешестви они содержат?,"В доменных цехах сточные воды образуются при очистке доменного газа, на разливочных машинах чугуна, в газопроводах коксового и смешанного газа, при грануляции доменного шлака и гидроуборке пыли в подбункерных помещениях. Они содержат пыль (частицы руды, кокса, известняка, агломерата), химические соединения (сульфаты, хлориды), растворенные газы, осколки застывшего чугуна, окалину, коксовую мелочь, графит, негашеную известь, известняковый шлам, аммиак, фенолы, цианиды, нафталин, масла, смолы и серу."
32,32,science,metal,castiron.pdf,"3.3.3 Сточные воды

На охлаждение доменной печи расходуется значительное количество пресной воды — до 30 м³ при выплавке 1 т чугуна. В доменных цехах загрязненные сточные воды образуются при очистке доменного газа, на разливочных машинах чугуна, в газопроводах коксового и смешанного газа, при грануляции доменного шлака, гидроуборке пыли в подбункерных помещениях.

При очистке 1000 м³ газа образуется 4-6 м³ сточных вод, содержащих пыль (частицы руды, кокса, известняка, агломерата), химические соединения (сульфаты, хлориды), а также растворенные газы.

Расход воды на одну разливочную машину чугуна составляет около 350 м³/ч. В сточных водах разливочных машин содержатся осколки застывшего чугуна, окалина, коксовая мелочь, графит, негашеная известь и известняковый шлам, что приводит к высокой степени щелочности стоков. Количество сточных вод при этом составляет 70 % — 80 % потребляемой воды.

В результате охлаждения газа в трубопроводах образуется конденсат в количестве 20-40 л на 1000 м³ газа. Конденсат из газопроводов коксового и смешанного газа содержит аммиак, фенолы, цианиды, нафталин, масла, смолы, серу.

При грануляции доменного шлака расходуется до 3 м³ воды на 1 т жидкого чугуна. В сточных водах содержатся сульфаты, сероводород, хлориды.

Загрязненные сточные воды доменного производства, как правило, не сбрасываются в естественные водоемы, а используются в оборотном водоснабжении.",Trash,"Привет, мне вот интересно, где там в доменных печах или вообще на заводе собираются сточные воды и что туда попадает? А то мне тут сказали, что там одна ржавчина и грязь, но вроде там и химия должна быть. Спасибо за ответ, если разберётесь. Кстати, у вас бывает, что вода просто испаряется, а не стекает?","В доменных цехах сточные воды образуются при очистке доменного газа, на разливочных машинах чугуна, в газопроводах коксового и смешанного газа, при грануляции доменного шлака и гидроуборке пыли в подбункерных помещениях. Они содержат пыль (частицы руды, кокса, известняка, агломерата), химические соединения (сульфаты, хлориды), растворенные газы, осколки застывшего чугуна, окалину, коксовую мелочь, графит, негашеную известь, известняковый шлам, аммиак, фенолы, цианиды, нафталин, масла, смолы и серу."
33,33,science,metal,castiron.pdf,"3.3.3 Сточные воды

На охлаждение доменной печи расходуется значительное количество пресной воды — до 30 м³ при выплавке 1 т чугуна. В доменных цехах загрязненные сточные воды образуются при очистке доменного газа, на разливочных машинах чугуна, в газопроводах коксового и смешанного газа, при грануляции доменного шлака, гидроуборке пыли в подбункерных помещениях.

При очистке 1000 м³ газа образуется 4-6 м³ сточных вод, содержащих пыль (частицы руды, кокса, известняка, агломерата), химические соединения (сульфаты, хлориды), а также растворенные газы.

Расход воды на одну разливочную машину чугуна составляет около 350 м³/ч. В сточных водах разливочных машин содержатся осколки застывшего чугуна, окалина, коксовая мелочь, графит, негашеная известь и известняковый шлам, что приводит к высокой степени щелочности стоков. Количество сточных вод при этом составляет 70 % — 80 % потребляемой воды.

В результате охлаждения газа в трубопроводах образуется конденсат в количестве 20-40 л на 1000 м³ газа. Конденсат из газопроводов коксового и смешанного газа содержит аммиак, фенолы, цианиды, нафталин, масла, смолы, серу.

При грануляции доменного шлака расходуется до 3 м³ воды на 1 т жидкого чугуна. В сточных водах содержатся сульфаты, сероводород, хлориды.

Загрязненные сточные воды доменного производства, как правило, не сбрасываются в естественные водоемы, а используются в оборотном водоснабжении.",Reformulation,Какие технологические процессы в доменном производстве приводят к образованию жидких отходов и какие примеси могут в них присутствовать?,"В доменных цехах сточные воды образуются при очистке доменного газа, на разливочных машинах чугуна, в газопроводах коксового и смешанного газа, при грануляции доменного шлака и гидроуборке пыли в подбункерных помещениях. Они содержат пыль (частицы руды, кокса, известняка, агломерата), химические соединения (сульфаты, хлориды), растворенные газы, осколки застывшего чугуна, окалину, коксовую мелочь, графит, негашеную известь, известняковый шлам, аммиак, фенолы, цианиды, нафталин, масла, смолы и серу."
34,34,science,metal,castiron.pdf,"3.3.3 Сточные воды

На охлаждение доменной печи расходуется значительное количество пресной воды — до 30 м³ при выплавке 1 т чугуна. В доменных цехах загрязненные сточные воды образуются при очистке доменного газа, на разливочных машинах чугуна, в газопроводах коксового и смешанного газа, при грануляции доменного шлака, гидроуборке пыли в подбункерных помещениях.

При очистке 1000 м³ газа образуется 4-6 м³ сточных вод, содержащих пыль (частицы руды, кокса, известняка, агломерата), химические соединения (сульфаты, хлориды), а также растворенные газы.

Расход воды на одну разливочную машину чугуна составляет около 350 м³/ч. В сточных водах разливочных машин содержатся осколки застывшего чугуна, окалина, коксовая мелочь, графит, негашеная известь и известняковый шлам, что приводит к высокой степени щелочности стоков. Количество сточных вод при этом составляет 70 % — 80 % потребляемой воды.

В результате охлаждения газа в трубопроводах образуется конденсат в количестве 20-40 л на 1000 м³ газа. Конденсат из газопроводов коксового и смешанного газа содержит аммиак, фенолы, цианиды, нафталин, масла, смолы, серу.

При грануляции доменного шлака расходуется до 3 м³ воды на 1 т жидкого чугуна. В сточных водах содержатся сульфаты, сероводород, хлориды.

Загрязненные сточные воды доменного производства, как правило, не сбрасываются в естественные водоемы, а используются в оборотном водоснабжении.",Incorrect by design,"Правда ли, что доменные печи сбрасывают сточные воды прямо в реки, загрязняя окружающую среду тяжелыми металлами?","Нет, загрязненные сточные воды доменного производства, как правило, не сбрасываются в естественные водоемы, а используются в оборотном водоснабжении. Они содержат пыль (частицы руды, кокса, известняка, агломерата), химические соединения (сульфаты, хлориды), растворенные газы, осколки застывшего чугуна, окалину, коксовую мелочь, графит, негашеную известь, известняковый шлам, аммиак, фенолы, цианиды, нафталин, масла, смолы и серу, но тяжелые металлы в контексте не упоминаются."
35,35,science,metal,castiron.pdf,"Очистка коксового газа от смолы и водяных паров производится в отделении конденсации, где происходит первичное охлаждение летучих парогазовых продуктов, выходящих из камеры коксования с температурой 700 °С - 800 °С, до 30 °С - 40 °С.
Улавливание аммиака из коксового газа на большинстве предприятий производят путем контакта газа с серной кислотой в сатураторах барботажного типа с получением сульфата аммония. В ряде случаев вместо сатураторов применяют более интенсивное оборудование - форсуночные скрубберы-абсорберы.
В процессе конечного охлаждения коксового газа происходит конденсация содержащихся в нем водяных паров и очистка от нафталина. Очистка от бензольных углеводородов производится в бензольных скрубберах, орошаемых поглотительным маслом.",Simple,Как производится очистка коксового газа от аммиака?,Улавливание аммиака из коксового газа на большинстве предприятий производят путем контакта газа с серной кислотой в сатураторах барботажного типа с получением сульфата аммония. В ряде случаев вместо сатураторов применяют более интенсивное оборудование — форсуночные скрубберы-абсорберы.
36,36,science,metal,castiron.pdf,"Очистка коксового газа от смолы и водяных паров производится в отделении конденсации, где происходит первичное охлаждение летучих парогазовых продуктов, выходящих из камеры коксования с температурой 700 °С - 800 °С, до 30 °С - 40 °С.
Улавливание аммиака из коксового газа на большинстве предприятий производят путем контакта газа с серной кислотой в сатураторах барботажного типа с получением сульфата аммония. В ряде случаев вместо сатураторов применяют более интенсивное оборудование - форсуночные скрубберы-абсорберы.
В процессе конечного охлаждения коксового газа происходит конденсация содержащихся в нем водяных паров и очистка от нафталина. Очистка от бензольных углеводородов производится в бензольных скрубберах, орошаемых поглотительным маслом.",With errors,Как проивзодится очыстка коксовово газы от амиака?,Улавливание аммиака из коксового газа на большинстве предприятий производят путем контакта газа с серной кислотой в сатураторах барботажного типа с получением сульфата аммония. В ряде случаев вместо сатураторов применяют более интенсивное оборудование — форсуночные скрубберы-абсорберы.
37,37,science,metal,castiron.pdf,"Очистка коксового газа от смолы и водяных паров производится в отделении конденсации, где происходит первичное охлаждение летучих парогазовых продуктов, выходящих из камеры коксования с температурой 700 °С - 800 °С, до 30 °С - 40 °С.
Улавливание аммиака из коксового газа на большинстве предприятий производят путем контакта газа с серной кислотой в сатураторах барботажного типа с получением сульфата аммония. В ряде случаев вместо сатураторов применяют более интенсивное оборудование - форсуночные скрубберы-абсорберы.
В процессе конечного охлаждения коксового газа происходит конденсация содержащихся в нем водяных паров и очистка от нафталина. Очистка от бензольных углеводородов производится в бензольных скрубберах, орошаемых поглотительным маслом.",Trash,"Привет, у меня есть вопрос про коксовый газ. Дело в том, что я смотрел видео, где говорили про всякие химические процессы, но не упомянули, как удаляют аммиак из коксового газа. Может, знаешь? А ещё мне нужно это для проекта, так что очень важно! Можешь рассказать, как вообще убирают аммиак? Спасибо огромное!",Улавливание аммиака из коксового газа на большинстве предприятий производят путем контакта газа с серной кислотой в сатураторах барботажного типа с получением сульфата аммония. В ряде случаев вместо сатураторов применяют более интенсивное оборудование — форсуночные скрубберы-абсорберы.
38,38,science,metal,castiron.pdf,"Очистка коксового газа от смолы и водяных паров производится в отделении конденсации, где происходит первичное охлаждение летучих парогазовых продуктов, выходящих из камеры коксования с температурой 700 °С - 800 °С, до 30 °С - 40 °С.
Улавливание аммиака из коксового газа на большинстве предприятий производят путем контакта газа с серной кислотой в сатураторах барботажного типа с получением сульфата аммония. В ряде случаев вместо сатураторов применяют более интенсивное оборудование - форсуночные скрубберы-абсорберы.
В процессе конечного охлаждения коксового газа происходит конденсация содержащихся в нем водяных паров и очистка от нафталина. Очистка от бензольных углеводородов производится в бензольных скрубберах, орошаемых поглотительным маслом.",Reformulation,"Какими методами уменьшают содержание аммиака в газовой смеси, образующейся при коксовании?",Улавливание аммиака из коксового газа на большинстве предприятий производят путем контакта газа с серной кислотой в сатураторах барботажного типа с получением сульфата аммония. В ряде случаев вместо сатураторов применяют более интенсивное оборудование — форсуночные скрубберы-абсорберы.
39,39,science,metal,castiron.pdf,"Очистка коксового газа от смолы и водяных паров производится в отделении конденсации, где происходит первичное охлаждение летучих парогазовых продуктов, выходящих из камеры коксования с температурой 700 °С - 800 °С, до 30 °С - 40 °С.
Улавливание аммиака из коксового газа на большинстве предприятий производят путем контакта газа с серной кислотой в сатураторах барботажного типа с получением сульфата аммония. В ряде случаев вместо сатураторов применяют более интенсивное оборудование - форсуночные скрубберы-абсорберы.
В процессе конечного охлаждения коксового газа происходит конденсация содержащихся в нем водяных паров и очистка от нафталина. Очистка от бензольных углеводородов производится в бензольных скрубберах, орошаемых поглотительным маслом.",Incorrect by design,"Для очистки коксового газа от аммиака на большинстве предприятий используют гидрофильные фильтры и перегонку под вакуумом, верно?","Нет, это неверно. Улавливание аммиака из коксового газа на большинстве предприятий производят путем контакта газа с серной кислотой в сатураторах барботажного типа с получением сульфата аммония. В ряде случаев вместо сатураторов применяют более интенсивное оборудование — форсуночные скрубберы-абсорберы."
40,40,science,metal,aluminium.pdf,,No info,Какие инновационные методы использования графеновых материалов в производстве анодов для электролизеров алюминия разрабатываются в современных научных лабораториях?,В документах нет информации для ответа на этот вопрос.
41,41,science,metal,aluminium.pdf,,No info,Каковы основные преимущества и недостатки использования графеновых композитов в качестве анодных материалов при электролитическом производстве алюминия по сравнению с традиционными углеродными анодами?,В документах нет информации для ответа на этот вопрос.
42,42,science,metal,castiron.pdf,,No info,Какие конкретные меры по снижению выбросов углекислого газа планируют внедрить российские металлургические предприятия после 2030 года?,В документах нет информации для ответа на этот вопрос.
43,43,science,metal,castiron.pdf,,No info,"Какие конкретные меры принимаются на современных коксохимических производствах для утилизации избыточного тепла, выделяемого при коксовании угля, кроме использования его для обогрева батарей?",В документах нет информации для ответа на этот вопрос.
44,44,science,metal,castiron.pdf,,No info,Какие существуют международные стандарты по предельно допустимым выбросам цианистых соединений при производстве ферросплавов в доменных печах?,В документах нет информации для ответа на этот вопрос.
45,45,science,metal,castiron.pdf,,No info,Каковы экономические затраты на внедрение системы рециркуляции отходящих газов агломашин (НДТ 5.2.5) для среднестатистического коксохимического предприятия?,В документах нет информации для ответа на этот вопрос.
46,46,science,metal,aluminium.pdf,"Таблица 1 - Дополнительные виды деятельности при производстве алюминия и соответствующие им справочники НДТ

Вид деятельности Соответствующий справочник НДТ
Методы очистки сточных вод, направленные на сокращение сбросов металлов в водные объекты Очистка сточных вод при производстве продукции (товаров), выполнении работ и оказании услуг на крупных предприятиях
Промышленные системы охлаждения, например, градирни, пластинчатые теплообменники Промышленные системы охлаждения
Хранение и обработка материалов Сокращение выбросов загрязняющих веществ, сбросов загрязняющих веществ при хранении и складировании товаров (грузов)
Обращение с отходами Обезвреживание отходов термическим способом (сжигание отходов)
Обращение с отходами Захоронение отходов производства и потребления
Выработка пара и электроэнергии на тепловых станциях Сжигание топлива на крупных установках в целях производства энергии
Вопросы производственно-экологического контроля Общие принципы производственного экологического контроля и его метрологического обеспечения",Table,"Какой справочник НДТ соответствует обращению с отходами, направленному на их термическое уничтожение?",Обезвреживание отходов термическим способом (сжигание отходов).
47,47,science,metal,aluminium.pdf,"Таблица 1 - Дополнительные виды деятельности при производстве алюминия и соответствующие им справочники НДТ

Вид деятельности Соответствующий справочник НДТ
Методы очистки сточных вод, направленные на сокращение сбросов металлов в водные объекты Очистка сточных вод при производстве продукции (товаров), выполнении работ и оказании услуг на крупных предприятиях
Промышленные системы охлаждения, например, градирни, пластинчатые теплообменники Промышленные системы охлаждения
Хранение и обработка материалов Сокращение выбросов загрязняющих веществ, сбросов загрязняющих веществ при хранении и складировании товаров (грузов)
Обращение с отходами Обезвреживание отходов термическим способом (сжигание отходов)
Обращение с отходами Захоронение отходов производства и потребления
Выработка пара и электроэнергии на тепловых станциях Сжигание топлива на крупных установках в целях производства энергии
Вопросы производственно-экологического контроля Общие принципы производственного экологического контроля и его метрологического обеспечения",Table,Для какого вида деятельности при производстве алюминия используется справочник НДТ «Сжигание топлива на крупных установках в целях производства энергии»?,Выработка пара и электроэнергии на тепловых станциях.
48,48,science,metal,aluminium.pdf,"Таблица 2.4 - Природоохранное оборудование

Наименование оборудования Назначение оборудования Технологические характеристики
Электрофильтры вертикальные, многосекционные Очистка отходящих газов печей кальцинации Однопольные, КПД до 99,7 %, остаточная запыленность газов до 200 мг/нм³
Пылевая камера Очистка газов ряда печей спекания (спекание нефелинов) Запыленность газов на выходе до 100 г/нм³
Электрофильтры горизонтальные Очистка отходящих газов печей спекания и вращающихся печей обжига известняка Многопольные (3-4 поля), КПД до 99,8 %, остаточная запыленность газов до 300 мг/нм³
Скруббера мокрые Очистка отходящих газов печей спекания (комбинированный способ) КПД 50 % - 85 %, остаточная запыленность газов до 100 мг/нм³
Шламохранилище Осветление растворов, обезвоживание шламовой пульпы Определяется показателями технологических требований к растворам",Table,Какое оборудование используется для осветления растворов и обезвоживания шламовой пульпы?,Шламохранилище.
49,49,science,metal,aluminium.pdf,"Таблица 2.4 - Природоохранное оборудование

Наименование оборудования Назначение оборудования Технологические характеристики
Электрофильтры вертикальные, многосекционные Очистка отходящих газов печей кальцинации Однопольные, КПД до 99,7 %, остаточная запыленность газов до 200 мг/нм³
Пылевая камера Очистка газов ряда печей спекания (спекание нефелинов) Запыленность газов на выходе до 100 г/нм³
Электрофильтры горизонтальные Очистка отходящих газов печей спекания и вращающихся печей обжига известняка Многопольные (3-4 поля), КПД до 99,8 %, остаточная запыленность газов до 300 мг/нм³
Скруббера мокрые Очистка отходящих газов печей спекания (комбинированный способ) КПД 50 % - 85 %, остаточная запыленность газов до 100 мг/нм³
Шламохранилище Осветление растворов, обезвоживание шламовой пульпы Определяется показателями технологических требований к растворам",Table,Какое оборудование обеспечивает наибольшую остаточную запыленность отходящих газов после очистки?,Электрофильтры горизонтальные (остаточная запыленность до 300 г/нм³)
50,50,science,metal,aluminium.pdf,"1.6.2 Энергоменеджмент
НДТ 2. Повышение эффективности использования энергии: использование
метода или комбинации методов, приведенных в таблице 1.13.
Таблица 1.13

Метод/оборудование Применимость
3) Система управления энергоэффективностью (например, в соответствии с требованиями международного стандарта ISO 50001) Общеприменимо
и) Использование избыточного тепла (например, пара, горячей воды или горячего воздуха), образующегося при реализации основных процессов Применим для пирометаллургических процессов
К) Подача на горелки воздуха, обогащенного кислородом, или чистого кислорода для уменьшения потребления энергии за счет автогенной плавки или полного сгорания углеродистого материала Применим для печей, в которых используется сырье, содержащее серу или углерод
Л) Низкотемпературная сушка или центрифугирование влажного сырья перед плавкой Общеприменимо
м) Теплоизоляция объектов, функционирующих при высоких температурах, например, трубопроводов пара и горячей воды Общеприменимо
Н) Использование высокоэффективных электродвигателей, оборудованных частотными преобразователями, для таких устройств как, например, вентиляторы Общеприменимо
О) Системы контроля, которые автоматически активируют включение местных отсосов пыли или отходящих газов только при возникновении выбросов Общеприменимо",Table,Какие методы повышения энергоэффективности применимы для пирометаллургических процессов?,"Использование избыточного тепла (например, пара, горячей воды или горячего воздуха), образующегося при реализации основных процессов."
51,51,science,metal,aluminium.pdf,"1.6.2 Энергоменеджмент
НДТ 2. Повышение эффективности использования энергии: использование
метода или комбинации методов, приведенных в таблице 1.13.
Таблица 1.13

Метод/оборудование Применимость
3) Система управления энергоэффективностью (например, в соответствии с требованиями международного стандарта ISO 50001) Общеприменимо
и) Использование избыточного тепла (например, пара, горячей воды или горячего воздуха), образующегося при реализации основных процессов Применим для пирометаллургических процессов
К) Подача на горелки воздуха, обогащенного кислородом, или чистого кислорода для уменьшения потребления энергии за счет автогенной плавки или полного сгорания углеродистого материала Применим для печей, в которых используется сырье, содержащее серу или углерод
Л) Низкотемпературная сушка или центрифугирование влажного сырья перед плавкой Общеприменимо
м) Теплоизоляция объектов, функционирующих при высоких температурах, например, трубопроводов пара и горячей воды Общеприменимо
Н) Использование высокоэффективных электродвигателей, оборудованных частотными преобразователями, для таких устройств как, например, вентиляторы Общеприменимо
О) Системы контроля, которые автоматически активируют включение местных отсосов пыли или отходящих газов только при возникновении выбросов Общеприменимо",Table,Какие методы повышения энергоэффективности являются общеприменимыми?,"Система управления энергоэффективностью (например, в соответствии с требованиями международного стандарта ISO 50001).
Низкотемпературная сушка или центрифугирование влажного сырья перед плавкой.
Теплоизоляция объектов, функционирующих при высоких температурах, например, трубопроводов пара и горячей воды.
Использование высокоэффективных электродвигателей, оборудованных частотными преобразователями, для таких устройств, как, например, вентиляторы.
Системы контроля, которые автоматически активируют включение местных отсосов пыли или отходящих газов только при возникновении выбросов."
52,52,science,metal,castiron.pdf,"Т а б л и ц а 1.11 — Потребление ферросплавов в РФ, тыс. т

Ферросплавы 2012 г. 2013 г. 2014 г. 2015 г. Потребление в РФ, кг/т
FeSi 203 196 182 165 2,35
SiMn 488 446 456 440 6,3
FeMn 157 151 153,9 160 2,3
FeCr 67 62 61 60 0,9
Всего 957 835 832 802 11,8

П р и м е ч а н и е - Среднее потребление ферросплавов в мире — 20 кг/т стали.",Table,Какая динамика общего потребления ферросплавов в РФ наблюдалась с 2012 по 2015 год?,"Общее потребление ферросплавов в РФ снижалось ежегодно: 957 тыс. т (2012), 835 тыс. т (2013), 832 тыс. т (2014), 802 тыс. т (2015)."
53,53,science,metal,castiron.pdf,"Т а б л и ц а 1.11 — Потребление ферросплавов в РФ, тыс. т

Ферросплавы 2012 г. 2013 г. 2014 г. 2015 г. Потребление в РФ, кг/т
FeSi 203 196 182 165 2,35
SiMn 488 446 456 440 6,3
FeMn 157 151 153,9 160 2,3
FeCr 67 62 61 60 0,9
Всего 957 835 832 802 11,8

П р и м е ч а н и е - Среднее потребление ферросплавов в мире — 20 кг/т стали.",Table,Во сколько раз среднее потребление ферросплавов в РФ (кг/т стали) ниже среднемирового показателя?,"Среднее потребление ферросплавов в РФ (11,8 кг/т стали) ниже среднемирового показателя (20 кг/т стали) в ~1,7 раза."
54,54,science,metal,castiron.pdf,"Удельный выход пыли при производстве стали в дуговых печах может достигать 30 кг/т стали. В таблицах 2.23 и 2.24 представлены химические и гранулометрические составы высокоосновного ковшевого шлака и пыли дуговой печи.

Таблица 2.23 — Химический состав шлака и пыли

Материал CaO SiO2 P2O5 Cr2O3 FeO Fe2O3 MnO MgO Al2O3 S Zn ППП Feобщ
Шлак 55,0 11,8 0,05 0,05 0,2 - 0,22 7,2 10,61 0,27 - - -
Пыль 9,92 3,49 - 0,366 11,1 47,34 3,33 2,15 3,4 0,41 6,05 3,76 41,8",Table,Какой максимальный удельный выход пыли при производстве стали в дуговых печах?,30 кг/т стали.
55,55,science,metal,castiron.pdf,"Удельный выход пыли при производстве стали в дуговых печах может достигать 30 кг/т стали. В таблицах 2.23 и 2.24 представлены химические и гранулометрические составы высокоосновного ковшевого шлака и пыли дуговой печи.

Таблица 2.23 — Химический состав шлака и пыли

Материал CaO SiO2 P2O5 Cr2O3 FeO Fe2O3 MnO MgO Al2O3 S Zn ППП Feобщ
Шлак 55,0 11,8 0,05 0,05 0,2 - 0,22 7,2 10,61 0,27 - - -
Пыль 9,92 3,49 - 0,366 11,1 47,34 3,33 2,15 3,4 0,41 6,05 3,76 41,8",Table,"В каком материале — шлаке или пыли — содержание FeO выше, и каково это значение?","В пыли содержание FeO выше и составляет 11,1%."
56,56,science,metal,castiron.pdf,"Показатели выбросов в атмосферу приведены в таблице 5.27.

Т а б л и ц а 5.27 — Ориентировочный состав коксового газа после очистки согласно НДТ 5.3.9

Технологический показатель Единица измерения Значение (диапазон)
Оксид углерода СО % ≤7
Кислород O₂ % <1,5
Диоксид углерода CO₂ % <3,0
Водород H₂ % <60
Метан CH₄ % ≤25
Углеводороды CₙHₘ % <2,0
Аммиак NH₃ % следы
Бензол C₆H₆ % следы
Цианистый водород HCN % следы
Нафталин C₁₀H₈ % следы
Сероводород H₂S г/нм³ <3,5",Table,Какой максимально допустимый процент содержания оксида углерода (СО) в коксовом газе после очистки согласно НДТ 5.3.9?,≤7%.
57,57,science,metal,castiron.pdf,"Показатели выбросов в атмосферу приведены в таблице 5.27.

Т а б л и ц а 5.27 — Ориентировочный состав коксового газа после очистки согласно НДТ 5.3.9

Технологический показатель Единица измерения Значение (диапазон)
Оксид углерода СО % ≤7
Кислород O₂ % <1,5
Диоксид углерода CO₂ % <3,0
Водород H₂ % <60
Метан CH₄ % ≤25
Углеводороды CₙHₘ % <2,0
Аммиак NH₃ % следы
Бензол C₆H₆ % следы
Цианистый водород HCN % следы
Нафталин C₁₀H₈ % следы
Сероводород H₂S г/нм³ <3,5",Table,Какая предельная концентрация сероводорода (H₂S) в коксовом газе после очистки установлена стандартом НДТ 5.3.9?,"<3,5 г/нм³."
58,58,science,metal,aluminium.pdf,"1.2.1 Основное сырье при производстве первичного алюминия
Основным сырьем при производстве первичного алюминия являются:
- глинозем (AI2O3);
- угольная анодная масса (предварительно обожженные угольные блоки);
- фтористые соли, в том числе криолит искусственный технический («свежий
криолит»); фторид алюминия; криолит вторичный (флотационный, получаемый при
флотации извлеченной из электролизера угольной пены, и регенерационный, получаемый при химической переработке растворов после их использования для орошения
газоочистных аппаратов либо пыли и шлама газоочистки и других твердых отходов)

Особое значение для кремниевого производства имеют кремнеземистые,
т. е. сцементированные кремнеземом песчаники, называемые кварцитами, обладающие достаточной чистотой для производства технического кремния. Состав примесей
в основном определяется оксидами железа, алюминия и кальция. В зависимости от
необходимой чистоты в производстве кремния может использоваться кварцит с содержанием кремнезема от 97,0 до 99,6 %

Для промышленного производства кремния используются кремнеземсодержащее сырье и углеродистые восстановители. Рудное сырье характеризуется высоким
содержанием основного вещества и низким содержанием шлакообразующих компонентов, вследствие чего электроплавка кремния является практически бесшлаковым процессом. В качестве руды для производства кремния могут использоваться кварц, кварциты и кварцевые пески. Наибольшее распространение получили кварциты, как наиболее доступное, технологичное и относительно дешевое сырье. В качестве углеродных
восстановителей используют древесный уголь, низкозольный каменный уголь и каменноугольный концентрат, нефтяной кокс и древесную щепу. Имеется опыт использования в качестве восстановителя полукокса - продукта полукоксования каменных углей, а
также других углеродсодержащих материалов, например, карбида кремния и брикетов
на основе отсева древесного угля и коксовой мелочи

В зависимости от типа используемого электролизера в качестве анодных материалов используется анодная масса или предварительно обожженные аноды.
Анодные материалы являются одним из ключевых элементов в технологии электролитического производства алюминия. Угольные аноды или анодную массу для выплавки первичного алюминия, как правило, производят на том же алюминиевом заводе, что и сам металл. Хотя в некоторых случаях их могут производить на отдельных
анодных фабриках.",Multi block,"Какие сырьевые материалы используются для производства первичного алюминия и технического кремния, и чем они принципиально отличаются?","Для производства первичного алюминия требуются:
Глинозем (Al₂O₃), получаемый из бокситов или нефелинов.
Угольные аноды или анодная масса на основе нефтяного кокса.

Для технического кремния:
Кварциты или кварц с содержанием SiO₂ не менее 97% .
Углеродистые восстановители: древесный уголь, каменный уголь, нефтяной кокс .

Отличие:
Алюминиевое производство основано на электролизе оксида алюминия, тогда как кремниевое — на карботермическом восстановлении кремнезема."
59,59,science,metal,aluminium.pdf,"применение на этапе подготовки сырья в складах продукции циклонов или рукавных фильтров, что позволяет обеспечить остаточную запыленность аспирационного воздуха не более 20 мг/нм³

Степень улавливания фтористых соединений и электролизной пыли в установках сухой очистки газов составляет ≤99 %",Multi block,"Какие методы очистки газов применяются на этапах подготовки сырья и электролиза алюминия, и каковы их показатели эффективности?","На этапе подготовки сырья (например, в складах продукции) используются циклоны или рукавные фильтры, обеспечивающие остаточную запыленность аспирационного воздуха не более 20 мг/нм³ .

При электролизе с обожженными анодами (ОА) второго поколения применяется «сухая» газоочистка (реактор + рукавный фильтр) с эффективностью улавливания фторидов и пыли до 99%."
60,60,science,metal,castiron.pdf,"Показатели прочности агломерата на дробление составляют от 55 % до 75 % и истирание от 4 % до 10 %. Низкая прочность увеличивает долю мелочи, что ухудшает газодинамику доменной печи

Для интенсификации агломерационного процесса и улучшения качества агломе­
рата на некоторых аглофабриках используют известь. Предпочтительно известь вво­
дить в железорудный концентрат при его поступлении на приемно-усреднительный
склад. Перед укладкой в штабель концентрат с известью перемешивают в барабанном
смесителе. Это препятствует смерзанию влажного концентрата зимой и обеспечивает
лучшее окомкование аглошихты.

      При наличии в шихтовом отделении печи кипящего слоя или конвейерной маши­
ны небольшой площади для обжига извести возможна подача свежеобожженной из­
вести поверх агломерационной шихты на сборном ленточном конвейере. Далее агло­
мерационная шихта со свежеобожженной известью поступает в первичный смеситель­
ный барабан, затем в барабан-окомкователь. Свежеобожженная известь, поданная в
аглошихту, значительно улучшает окомкование и газопроницаемость шихты, что по-
зволяет повысить высоту спекаемого слоя, улучшить качество агломерата и повысить
производительность агломашины.

свежеобожженная известь улучшает окомкование и газопроницаемость шихты, что позволяет повысить высоту спекаемого слоя, улучшить качество агломерата и повысить производительность агломашины",Multi block,"Как параметры агломерационного процесса (например, высота слоя шихты) влияют на эффективность доменной плавки?","Высота слоя шихты при агломерации определяет равномерность прогрева и структуру агломерата. Плохое качество агломерата (например, из-за неоптимальной высоты слоя) увеличивает расход кокса в доменной печи и ухудшает газодинамику процесса."
61,61,science,metal,castiron.pdf,"Система ПК обеспечивает регулирование распределения температуры по длине коксового пирога, особенно при резких колебаниях оборота печей

Система ПВР обеспечивает равномерный обогрев печной камеры по высоте за счет рециркуляции продуктов горения

Коэффициент избытка воздуха устанавливается с учетом обеспечения полноты горения газа и прогрева коксового пирога по высоте",Multi block,Какие факторы влияют на равномерность распределения температуры в коксовом пироге при использовании систем ПК и ПВР?,"Для системы ПК ключевым фактором является регулирование температуры по длине пирога, особенно при колебаниях цикла, а для системы ПВР — равномерность прогрева по высоте за счет рециркуляции газов. Общий контроль коэффициента избытка воздуха также влияет на распределение температуры."
62,62,science,metal,castiron.pdf,"Степень извлечения марганца увеличивается при повышении температуры в горне печи. Этому может способствовать увеличение расхода кокса, повышение температуры дутья, обогащение дутья кислородом, а также подбор шлакового режима плавки.

Применение дутья, обогащённого кислородом, сокращает удельный расход кокса с 2,08 до 1,79 т (на 14 %). Теплотворность колошникового газа повышается с 1158 до 1500 ккал/м³. Расход дутья уменьшается с 6100 до 3720 м³/г.",Multi block,"Какие факторы повышают степень извлечения марганца при выплавке ферромарганца в доменной печи, и как обогащение дутья кислородом влияет на параметры процесса?","Основные факторы: повышение температуры дутья, увеличение расхода кокса, обогащение кислородом и оптимизация шлакового режима. Обогащение кислородом снижает расход кокса на 14%, повышает теплотворность газа на 29.5% и сокращает объём дутья в 1.64 раза."
63,63,science,metal,castiron.pdf,Производительность одной доменной печи объёмом 1000 м³ при выплавке углеродистого ферромарганца равна производительности трёх электропечей мощностью 27 МВА.,Multi block,"Если доменная печь объёмом 1000 м³ переходит с выплавки чугуна на ферромарганец, как изменится её суточная производительность?","Производительность снизится. Из сравнения с электропечами (2400 кВт·ч/т против 200 кВт·ч/т в шахтной печи) следует, что доменная печь для ферросплавов менее эффективна, чем для чугуна."
64,64,science,metal,aluminium.pdf,"и влияет на качество производимых анодов.
Повышение содержания серы в коксах влечет за собой его увеличение в анодах
алюминиевого производства, что приводит к увеличению эмиссий диоксида серы на
отечественных заводах. При использовании газоочистных аппаратов для улавливания
диоксида серы (мокрых скрубберов, пенных аппаратов) неизбежно повышение расхода
соды на его улавливание, и, как следствие, увеличение количества улавливаемого
SO2 влечет за собой повышение количества сульфатов и растворов газоочистки, подлежащих выводу на шламовые поля",Logical thinking,"Можно ли снизить выбросы диоксида серы (SO2) на алюминиевом заводе, если использовать аноды с низким содержанием серы?",Да.
65,65,science,metal,aluminium.pdf,"Красный шлам также имеет большой потенциал применения в
строительстве. Наиболее вероятная рыночная ниша продукции из красных шламов и
их свойства аналогичны нише и свойствам общераспространенных полезных ископаемых (ОРПИ). ",Logical thinking,Можно ли использовать красный шлам для строительства автомобильных дорог?,"Да. Документ указывает, что красный шлам по свойствам схож с материалами, используемыми в строительстве."
66,66,science,metal,aluminium.pdf,"Таблица 4.13 - Сравнение выбросов маркерных загрязняющих веществ для предприятий с технологией электролиза ВТ

Технология HF, кг/т Al F, кг/т Al Пыль, кг/т Al SO2, кг/т Al Смолистые вещества (включая бенз(а)пирен и другие ПАУ), кг/т Al
«ЭкоСодерберг» 0,38 0,34 1,8-3,6 <1,5* 0,89-1,38
Рядовая ВТ 1,20-2,11 1,3-2,8 11,0-16,9 1,5-2,3* 1,5-2,24

Показатель информационный. При использовании второй, «мокрой» ступени ГОУ. При использовании только первой, «сухой» ступени ГОУ количество SO2 зависит от содержания серы в анодной массе и может достигать до 30 кг/т Al.",Logical thinking,Какая технология электролиза алюминия является наиболее экологичной с точки зрения выбросов SO2?,"Наиболее экологичной является технология ВТ «ЭкоСодерберг», так как при использовании «мокрой» ступени ГОУ выбросы SO₂ составляют ≤1,5 кг/т Al"
67,67,science,metal,castiron.pdf,"Все крупные металлургические предприятия России сертифицированы на соответствие стандартам серии ISO 14000

НДТ определяется как технология, соответствующая современным достижениям науки и критериям охраны окружающей среды.",Logical thinking,"Может ли предприятие, не внедрившее систему экологического менеджмента ISO 14000, получить сертификат НДТ?","Нет. Так как соответствие ISO 14000 прямо упоминается как обязательное условие для внедрения НДТ, отсутствие этой сертификации делает невозможным получение статуса НДТ."
68,68,science,metal,castiron.pdf,"Температура колошникового газа составляет 110 °C — 300 °C

Обогрев батарей осуществляется коксовым газом или смесью коксового и доменного газов",Logical thinking,"Можно ли использовать доменный газ для обогрева коксовых батарей, если его температура на выходе из доменной печи составляет 250°C","Да, доменный газ с температурой 250°C пригоден для обогрева, так как его температура соответствует диапазону колошникового газа (110–300°C), а документ подтверждает использование доменного газа в смеси с коксовым."
69,69,science,metal,castiron.pdf,"НДТ 5.2.6.2 Сокращение вы бросов SO2 за счет применения систем
обессеривания отходящих агломерационных газов посредством обработки
потока газов известковым молоком (или иным доступным реагентом)",Logical thinking,Будет ли эффективна технология обессеривания агломерационных газов известковым молоком (НДТ 5.2.6.2) в условиях низких температур зимой?,"Вероятно, эффективность снизится, так как известковое молоко может кристаллизоваться или замедлить реакцию с SO₂ при отрицательных температурах."
70,70,science,metal,castiron.pdf,Наилучший эффект (>95 %) достигается применением коллекторных систем [161] сбора и транспортирования выбросов,Logical thinking,Можно ли достичь снижения выбросов цианистого водорода на 90% при использовании метода сбора газов в коллекторные системы?,"Да, сбор газов в коллекторные системы обеспечивает снижение выбросов более чем на 95%."
71,71,science,metal,aluminium.pdf,"Таблица 2.7 - Природоохранное оборудование
Наименование оборудования Назначение оборудования Технологические характеристики
Циклон Улавливание пыли кокса из вентвыбросов, отведенных аспирационно-техническими устройствами от поточно-транспортных узлов, складов, дробильно-размольного отделения Эффективность очистки - 70-93,9%
Рукавные фильтры Улавливание пыли кокса из вентвыбросов, отведенных аспирационно-техническими устройствами от поточно-транспортных узлов, складов, дробильно-размольного отделения Эффективность очистки - 97,1-99%
Батарейный циклонэлектрофильтр Улавливание пыли кокса из отходящих газов печей прокалки Эффективность очистки - 80,6-93,4%
Труба Вентури (адсорбент кокс) - рукавный фильтр Улавливание возгонов каменноугольного пека из вентвыбросов, отведенных аспирационно-техническими устройствами от дозировочно-смесительного отделения Эффективность очистки - 99,6-99,9%",Double,Какая эффективность очистки у циклонов для пыли кокса и у трубы Вентури с рукавным фильтром для возгонов пека?,"Циклон: 70–93.9%

Труба Вентури + рукавный фильтр: 99.6–99.9%"
72,72,science,metal,aluminium.pdf,"передел спекания – вращающиеся печи с колосниковыми холодильниками

Основным отходом производства является нефелиновый шлам, который частично (до 30–50 %) используется в производстве цементного клинкера. Оставшаяся часть подлежит размещению на объектах размещения отходов",Double,"Какое оборудование используется для спекания нефелиновых шихт, и какие отходы образуются при этом процессе?","Для спекания нефелиновых шихт применяются вращающиеся печи с колосниковыми холодильниками.

Основным отходом производства является нефелиновый шлам, который частично используется в цементной промышленности, а остальное размещается на полигонах."
73,73,science,metal,castiron.pdf,"Основной продукцией доменного производства является чугун: передельный, литейный, зеркальный и специальных марок.

Доля экспорта в производстве готового проката в 2016 г. составила 47.9%",Double,Какая продукция является основной для доменного производства и какова доля экспорта готового проката в общем объеме производства в 2016?,"Основная продукция — чугун различных типов: передельный, литейный, зеркальный и специального назначения.

В 2016 году доля экспорта готового проката составляла 47.9%."
74,74,science,metal,castiron.pdf,"Из коксового газа удаляются пары смолы, воды, аммиак и бензольные углеводороды

Тушильные башни предназначены для мокрого тушения кокса водой",Double,"Какие компоненты удаляются из коксового газа при его очистке в цехе улавливания, и какова основная функция тушильных башен?","При очистке удаляются: смола, вода, аммиак, бензольные углеводороды.

Тушильные башни используются для охлаждения раскаленного кокса водой."
75,75,science,metal,castiron.pdf,"Для выплавки ферромарганца используют оксидные и карбонатные марганцевые руды и концентраты с 36 % — 44 % Mn,

Меньшие потери марганца с возгонами имеют место при работе на шлаках с основностью 1,0–1,2, положительно влияние содержание в шлаке MgO в пределах 6 % – 10 %",Double,"Какие основные компоненты шихты используются для выплавки доменного ферромарганца, и какова рекомендуемая концентрация MgO в шлаке для минимизации потерь марганца?","Основные компоненты: марганцевые руды (36-44% Mn), кокс, известняк, доломит.

Рекомендуемая концентрация MgO: 6-10%."
76,76,science,metal,castiron.pdf,"Типы применяемых пылеуловителей определяются физико-химическими свойст­
вами улавливаемых веществ, такими как дисперсный состав, плотность, абразивность,
смачиваемость, слипаемость, пожаро- и взрывоопасные свойства. Сухие методы очи­
стки с использованием рукавных фильтров являются наиболее эффективными, они по­
зволяют обеспечить концентрацию взвешенных веществ после очистки до 20 мг/м3.

Технологический показатель	Единица измерения	Значение(диапазон)

Сажа	г/т	<350

Оксид углерода	г/т	<5500

Оксиды азота	г/т	<700

Диоксид серы	г/т	<1200",Double,Какие загрязняющие вещества преобладают в выбросах дымовых труб коксовых батарей? И Какие методы очистки пыли наиболее эффективны при подготовке угольной шихты?,"Основные загрязнители: CO, NOx, SO₂, сажа

Эффективные методы: Рукавные фильтры (концентрация после очистки ≤20 мг/м³)"
